{"stats":{"minecraft:killed_by":{"minecraft:husk":1},"minecraft:mined":{"minecraft:dark_oak_planks":2,"minecraft:dark_prismarine":1,"argentinas_delight:pavallena":2,"minecraft:spruce_planks":14,"minecraft:yellow_wall_banner":1,"minecraft:jungle_leaves":4,"argentinas_delight:hojasdemate":25,"minecraft:granite":3,"minecraft:acacia_log":28,"minecraft:spruce_fence":1,"minecraft:grass_block":3,"minecraft:jungle_planks":1,"minecraft:jungle_log":12,"argentinas_delight:mateyerbaseca":1,"minecraft:brown_mushroom_block":1,"minecraft:coal_block":3,"minecraft:spruce_leaves":3,"minecraft:spawner":2,"minecraft:hay_block":19,"minecraft:furnace":1,"minecraft:dark_oak_trapdoor":1,"minecraft:fire":2,"argentinas_delight:mateamargo":10,"minecraft:dark_oak_stairs":1,"minecraft:bookshelf":15,"chococraft:gysahl_green":23,"minecraft:vine":4,"minecraft:stripped_mangrove_wood":6,"minecraft:stone":73,"minecraft:bone_block":12,"minecraft:oak_slab":1,"minecraft:melon_stem":1,"argentinas_delight:chanchoasadobloque":1,"travelersbackpack:standard":3,"minecraft:crafting_table":8,"minecraft:torch":3,"minecraft:blast_furnace":4,"argentinas_delight:pavacaliente":1,"minecraft:oak_wood":25,"minecraft:calcite":7,"minecraft:rose_bush":2,"minecraft:copper_ore":12,"minecraft:tall_grass":5,"minecraft:oak_planks":4,"minecraft:sugar_cane":1,"minecraft:wall_torch":5,"argentinas_delight:tablasado_3click":1,"minecraft:spruce_stairs":1,"minecraft:black_stained_glass":2,"minecraft:dark_oak_slab":1,"minecraft:wheat":27,"minecraft:spruce_log":2,"minecraft:waxed_copper_block":4,"minecraft:mangrove_planks":1,"minecraft:grass":24,"minecraft:oak_log":24,"minecraft:coal_ore":23,"minecraft:cyan_carpet":1,"minecraft:dirt":9,"minecraft:sand":27,"minecraft:acacia_planks":1,"minecraft:stonecutter":1,"minecraft:oak_leaves":12,"minecraft:fern":1},"minecraft:custom":{"minecraft:interact_with_anvil":1,"minecraft:mob_kills":58,"minecraft:interact_with_crafting_table":24,"minecraft:open_barrel":22,"minecraft:eat_cake_slice":2,"minecraft:leave_game":29,"minecraft:time_since_death":24963,"minecraft:climb_one_cm":16797,"minecraft:sprint_one_cm":421708,"minecraft:walk_one_cm":354647,"minecraft:damage_blocked_by_shield":505,"minecraft:drop":117,"minecraft:talked_to_villager":1,"minecraft:play_time":236720,"minecraft:sneak_time":7013,"minecraft:deaths":8,"minecraft:walk_under_water_one_cm":25171,"minecraft:boat_one_cm":631781,"minecraft:jump":3713,"minecraft:interact_with_blast_furnace":3,"minecraft:walk_on_water_one_cm":27561,"minecraft:total_world_time":236720,"minecraft:interact_with_furnace":11,"tombstone:raider_killed":9,"minecraft:interact_with_stonecutter":1,"minecraft:sleep_in_bed":9,"minecraft:time_since_rest":11696,"minecraft:damage_taken":5562,"tombstone:sneak_grave":1,"minecraft:damage_dealt":13767,"tombstone:cast_on_ally":3,"minecraft:swim_one_cm":77076,"minecraft:fly_one_cm":722192,"minecraft:open_chest":41,"minecraft:crouch_one_cm":12929,"tombstone:undead_killed":30,"minecraft:fall_one_cm":90653,"minecraft:horse_one_cm":3402},"minecraft:killed":{"minecraft:vindicator":1,"minecraft:skeleton":11,"minecraft:husk":13,"minecraft:pig":3,"minecraft:iron_golem":1,"aquaculture:jellyfish":2,"minecraft:sheep":3,"minecraft:pillager":8,"minecraft:zombie":6,"minecraft:cow":6,"chococraft:chocobo":1},"minecraft:picked_up":{"minecraft:crafting_table":9,"chococraft:loverly_gysahl_green":7,"minecraft:wheat":24,"minecraft:suspicious_stew":1,"minecraft:potion":1,"minecraft:enchanted_book":1,"minecraft:raw_copper":41,"minecraft:cyan_carpet":3,"minecraft:spruce_planks":15,"minecraft:rose_bush":2,"minecraft:redstone_torch":1,"minecraft:calcite":7,"minecraft:poppy":2,"minecraft:iron_pickaxe":1,"minecraft:light_gray_wool":2,"minecraft:coal_block":3,"minecraft:sugar_cane":2,"argentinas_delight:mateamargoitem":9,"minecraft:spruce_trapdoor":1,"minecraft:furnace":1,"minecraft:egg":1,"minecraft:stick":4,"minecraft:stripped_mangrove_wood":6,"argentinas_delight:pavacalientetool":2,"minecraft:copper_ingot":3,"minecraft:torch":11,"minecraft:bowl":6,"minecraft:acacia_log":28,"minecraft:spruce_stairs":1,"minecraft:spruce_fence":1,"minecraft:porkchop":6,"tombstone:grave_dust":4,"argentinas_delight:pavallena":4,"minecraft:dark_oak_planks":1,"minecraft:yellow_banner":1,"minecraft:arrow":14,"minecraft:rotten_flesh":11,"minecraft:diamond_chestplate":1,"minecraft:hay_block":19,"chococraft:chocobo_drumstick_raw":1,"minecraft:mutton":20,"minecraft:bone_block":11,"minecraft:white_wool":1,"minecraft:cobblestone":76,"minecraft:leather_chestplate":1,"minecraft:jungle_log":12,"minecraft:leather":6,"minecraft:filled_map":1,"minecraft:oak_log":24,"minecraft:waxed_copper_block":4,"tombstone:voodoo_poppet":1,"minecraft:lapis_lazuli":9,"minecraft:dirt":84,"tombstone:gift":1,"minecraft:glass":11,"minecraft:bone":15,"minecraft:acacia_planks":1,"chococraft:gysahl_green":58,"chococraft:gold_gysahl":2,"minecraft:wheat_seeds":73,"minecraft:iron_ingot":5,"minecraft:oak_planks":3,"tombstone:bag_of_seeds":1,"minecraft:mangrove_planks":1,"argentinas_delight:tostaditas":4,"minecraft:acacia_sapling":2,"minecraft:dark_oak_stairs":1,"aquaculture:jellyfish":2,"minecraft:book":45,"minecraft:sand":26,"minecraft:jungle_planks":1,"argentinas_delight:corderoitem":1,"chococraft:gysahl_green_seeds":23,"minecraft:blast_furnace":4,"argentinas_delight:yerbamate":27,"argentinas_delight:mateyerbaseca":1,"minecraft:leather_helmet":1,"minecraft:dark_prismarine":1,"travelersbackpack:standard":3,"minecraft:oak_wood":24,"minecraft:soul_lantern":1,"minecraft:granite":3,"argentinas_delight:vacio":1,"minecraft:oak_sapling":1,"argentinas_delight:cuernodetoro":1,"minecraft:coal":72},"minecraft:used":{"argentinas_delight:chinchulinesitem":1,"minecraft:flint_and_steel":1,"minecraft:spruce_planks":10,"minecraft:shield":10,"minecraft:iron_sword":311,"argentinas_delight:mateyerbaseca":7,"argentinas_delight:yerbamate":3,"minecraft:torch":13,"minecraft:dirt":6,"tombstone:scroll_of_aquatic_life":1,"minecraft:spruce_stairs":1,"minecraft:jungle_planks":48,"minecraft:spruce_fence":1,"minecraft:dark_oak_planks":1,"argentinas_delight:mateamargoitem":9,"minecraft:iron_axe":184,"argentinas_delight:pavallena":4,"minecraft:diamond_chestplate":2,"minecraft:bow":5,"minecraft:sweet_berries":7,"minecraft:furnace":1,"tombstone:gift":13,"minecraft:egg":1,"minecraft:acacia_planks":1,"minecraft:calcite":4,"argentinas_delight:costillasdechancho":1,"minecraft:dark_oak_stairs":1,"minecraft:acacia_boat":1,"minecraft:water_bucket":5,"minecraft:diamond_boots":1,"minecraft:baked_potato":7,"minecraft:mangrove_planks":1,"minecraft:oak_planks":103,"minecraft:leather_boots":1,"argentinas_delight:pava":2,"minecraft:stripped_mangrove_wood":6,"minecraft:crafting_table":9,"tombstone:bag_of_seeds":1,"argentinas_delight:pavacalientetool":39,"argentinas_delight:corderoitem":1,"minecraft:oak_log":4,"minecraft:diamond_pickaxe":13,"minecraft:iron_pickaxe":144,"minecraft:bread":46,"minecraft:wooden_sword":5,"minecraft:cobblestone":51,"travelersbackpack:standard":3,"argentinas_delight:matevacio":3,"minecraft:bucket":7,"chococraft:gysahl_green":35,"minecraft:pumpkin_pie":2,"minecraft:diamond_leggings":1,"argentinas_delight:vacio":1},"minecraft:dropped":{"minecraft:iron_ingot":48,"minecraft:bread":10,"minecraft:iron_sword":1,"minecraft:porkchop":6,"chococraft:loverly_gysahl_green":6,"minecraft:wheat_seeds":73,"minecraft:lapis_lazuli":9,"chococraft:gold_gysahl":2,"minecraft:ender_pearl":2,"minecraft:cobblestone":9,"argentinas_delight:pavacalientetool":1,"minecraft:leather":2,"chococraft:gysahl_green_seeds":23,"minecraft:jungle_planks":1,"minecraft:saddle":1,"minecraft:copper_ingot":32,"minecraft:leather_helmet":1,"minecraft:coal":8,"minecraft:emerald":13,"minecraft:stick":2,"minecraft:dirt":62,"minecraft:milk_bucket":1,"minecraft:torch":5,"tombstone:grave_key":1,"minecraft:mutton":20,"chococraft:chocobo_drumstick_raw":1,"minecraft:potion":2,"minecraft:iron_leggings":2,"minecraft:wooden_sword":1,"minecraft:wither_rose":1,"minecraft:sand":3,"minecraft:iron_pickaxe":3,"tombstone:voodoo_poppet":2,"minecraft:acacia_planks":7,"minecraft:cyan_carpet":3,"minecraft:bone":14,"minecraft:sugar_cane":2,"minecraft:raw_copper":41,"minecraft:bowl":6,"minecraft:obsidian":3,"minecraft:soul_lantern":1,"argentinas_delight:tostaditas":4,"minecraft:rotten_flesh":20,"minecraft:iron_boots":2,"minecraft:oak_planks":4,"minecraft:suspicious_stew":2,"argentinas_delight:yerbamate":16,"argentinas_delight:cuernodetoro":1,"minecraft:filled_map":2,"minecraft:poppy":2,"minecraft:leather_chestplate":1,"minecraft:spruce_trapdoor":1,"minecraft:spruce_planks":1,"minecraft:iron_chestplate":2,"minecraft:leather_boots":1,"minecraft:oak_sapling":1,"minecraft:acacia_sapling":2,"minecraft:redstone_torch":1,"minecraft:wooden_pickaxe":1,"minecraft:calcite":3,"minecraft:dark_prismarine":1,"chococraft:gysahl_green":23},"minecraft:crafted":{"minecraft:wooden_sword":1,"minecraft:oak_planks":132,"minecraft:coal":27,"minecraft:furnace":2,"minecraft:glass":12,"minecraft:diamond_leggings":1,"minecraft:iron_axe":1,"travelersbackpack:light_gray_sleeping_bag":1,"immersive_aircraft:hull":3,"immersive_aircraft:steel_boiler":1,"minecraft:chest":5,"minecraft:wheat":171,"immersive_aircraft:boiler":1,"minecraft:crafting_table":2,"travelersbackpack:backpack_tank":2,"minecraft:wooden_pickaxe":1,"travelersbackpack:standard":1,"minecraft:iron_sword":1,"minecraft:copper_ingot":36,"minecraft:bread":79,"immersive_aircraft:propeller":1,"minecraft:acacia_boat":1,"minecraft:air":0,"minecraft:jungle_planks":48,"minecraft:shield":1,"minecraft:stick":24,"argentinas_delight:pava":1,"minecraft:acacia_planks":56,"minecraft:torch":40,"minecraft:diamond_chestplate":1},"minecraft:broken":{"minecraft:diamond_chestplate":1,"minecraft:iron_sword":1}},"DataVersion":3465}