{"stats":{"minecraft:killed_by":{"minecraft:husk":1},"minecraft:mined":{"minecraft:dark_oak_planks":2,"minecraft:dark_prismarine":1,"minecraft:spruce_planks":1,"minecraft:yellow_wall_banner":1,"minecraft:acacia_log":10,"minecraft:coal_block":3,"minecraft:spruce_leaves":3,"minecraft:spawner":2,"minecraft:hay_block":7,"minecraft:dark_oak_trapdoor":1,"minecraft:fire":2,"chococraft:gysahl_green":19,"minecraft:bookshelf":15,"minecraft:stone":3,"minecraft:stripped_mangrove_wood":6,"minecraft:oak_slab":1,"minecraft:melon_stem":1,"minecraft:crafting_table":5,"minecraft:torch":1,"minecraft:blast_furnace":3,"minecraft:oak_wood":1,"minecraft:calcite":7,"minecraft:rose_bush":2,"minecraft:tall_grass":5,"minecraft:copper_ore":12,"minecraft:sugar_cane":1,"minecraft:oak_planks":1,"minecraft:wall_torch":1,"minecraft:black_stained_glass":2,"minecraft:dark_oak_slab":1,"minecraft:wheat":27,"minecraft:spruce_log":2,"minecraft:waxed_copper_block":4,"minecraft:mangrove_planks":1,"minecraft:grass":16,"minecraft:coal_ore":23,"minecraft:oak_log":24,"minecraft:cyan_carpet":1,"minecraft:sand":2,"minecraft:dirt":4,"minecraft:oak_leaves":4},"minecraft:custom":{"minecraft:mob_kills":44,"minecraft:interact_with_crafting_table":14,"minecraft:open_barrel":16,"minecraft:eat_cake_slice":2,"minecraft:leave_game":6,"minecraft:time_since_death":34001,"minecraft:climb_one_cm":5816,"minecraft:sprint_one_cm":185446,"minecraft:walk_one_cm":173619,"minecraft:damage_blocked_by_shield":70,"minecraft:drop":53,"minecraft:play_time":100276,"minecraft:deaths":5,"minecraft:sneak_time":3491,"minecraft:walk_under_water_one_cm":18549,"minecraft:boat_one_cm":631781,"minecraft:jump":1294,"minecraft:interact_with_blast_furnace":3,"minecraft:walk_on_water_one_cm":16601,"minecraft:total_world_time":100276,"minecraft:interact_with_furnace":1,"tombstone:raider_killed":9,"minecraft:sleep_in_bed":2,"minecraft:time_since_rest":30695,"minecraft:damage_taken":3365,"tombstone:sneak_grave":1,"minecraft:damage_dealt":11881,"minecraft:swim_one_cm":55360,"minecraft:fly_one_cm":277439,"minecraft:open_chest":26,"minecraft:crouch_one_cm":4417,"tombstone:undead_killed":25,"minecraft:fall_one_cm":31203,"minecraft:horse_one_cm":3402},"minecraft:killed":{"minecraft:vindicator":1,"minecraft:skeleton":8,"minecraft:husk":13,"minecraft:pig":3,"minecraft:iron_golem":1,"aquaculture:jellyfish":2,"minecraft:pillager":8,"minecraft:zombie":4,"chococraft:chocobo":1},"minecraft:picked_up":{"chococraft:loverly_gysahl_green":6,"minecraft:crafting_table":6,"minecraft:wheat":24,"minecraft:suspicious_stew":1,"minecraft:enchanted_book":1,"minecraft:potion":1,"minecraft:raw_copper":41,"minecraft:cyan_carpet":3,"minecraft:spruce_planks":1,"minecraft:redstone_torch":1,"minecraft:rose_bush":2,"minecraft:calcite":7,"minecraft:poppy":2,"minecraft:sugar_cane":2,"minecraft:coal_block":3,"minecraft:spruce_trapdoor":1,"minecraft:stick":2,"minecraft:stripped_mangrove_wood":6,"minecraft:torch":6,"minecraft:acacia_log":10,"minecraft:porkchop":6,"tombstone:grave_dust":4,"minecraft:dark_oak_planks":1,"minecraft:yellow_banner":1,"minecraft:arrow":10,"minecraft:rotten_flesh":8,"minecraft:hay_block":7,"chococraft:chocobo_drumstick_raw":1,"minecraft:cobblestone":2,"minecraft:leather_chestplate":1,"minecraft:filled_map":1,"minecraft:oak_log":24,"minecraft:waxed_copper_block":4,"tombstone:voodoo_poppet":1,"minecraft:dirt":78,"tombstone:gift":1,"minecraft:bone":7,"chococraft:gysahl_green":47,"chococraft:gold_gysahl":2,"minecraft:wheat_seeds":62,"minecraft:iron_ingot":5,"minecraft:mangrove_planks":1,"aquaculture:jellyfish":2,"minecraft:book":45,"minecraft:sand":1,"chococraft:gysahl_green_seeds":19,"minecraft:blast_furnace":3,"argentinas_delight:yerbamate":2,"minecraft:leather_helmet":1,"minecraft:dark_prismarine":1,"minecraft:oak_wood":1,"minecraft:soul_lantern":1,"minecraft:oak_sapling":1,"minecraft:coal":23},"minecraft:used":{"minecraft:flint_and_steel":1,"minecraft:spruce_planks":1,"minecraft:shield":3,"minecraft:iron_sword":270,"minecraft:torch":6,"minecraft:dark_oak_planks":1,"minecraft:iron_axe":68,"minecraft:bow":2,"minecraft:sweet_berries":7,"tombstone:gift":9,"minecraft:calcite":4,"minecraft:acacia_boat":1,"minecraft:baked_potato":6,"minecraft:mangrove_planks":1,"minecraft:oak_planks":13,"minecraft:leather_boots":1,"minecraft:stripped_mangrove_wood":6,"minecraft:crafting_table":7,"minecraft:oak_log":4,"minecraft:bread":19,"minecraft:iron_pickaxe":61,"minecraft:wooden_sword":5,"minecraft:pumpkin_pie":2,"chococraft:gysahl_green":28},"minecraft:dropped":{"minecraft:iron_sword":1,"minecraft:porkchop":6,"chococraft:loverly_gysahl_green":5,"minecraft:wheat_seeds":62,"chococraft:gold_gysahl":1,"minecraft:ender_pearl":2,"minecraft:cobblestone":2,"chococraft:gysahl_green_seeds":19,"minecraft:saddle":1,"minecraft:leather_helmet":1,"minecraft:stick":2,"minecraft:emerald":6,"minecraft:dirt":62,"minecraft:milk_bucket":1,"tombstone:grave_key":1,"chococraft:chocobo_drumstick_raw":1,"minecraft:potion":2,"minecraft:iron_leggings":2,"minecraft:wooden_sword":1,"minecraft:wither_rose":1,"minecraft:sand":1,"tombstone:voodoo_poppet":2,"minecraft:acacia_planks":7,"minecraft:cyan_carpet":3,"minecraft:bone":6,"minecraft:sugar_cane":2,"minecraft:obsidian":3,"minecraft:soul_lantern":1,"minecraft:oak_planks":4,"minecraft:iron_boots":1,"minecraft:suspicious_stew":2,"minecraft:filled_map":2,"minecraft:poppy":2,"minecraft:leather_chestplate":1,"minecraft:spruce_trapdoor":1,"minecraft:iron_chestplate":1,"minecraft:leather_boots":1,"minecraft:oak_sapling":1,"minecraft:redstone_torch":1,"minecraft:wooden_pickaxe":1,"minecraft:calcite":3,"minecraft:dark_prismarine":1},"minecraft:crafted":{"minecraft:wooden_sword":1,"minecraft:oak_planks":40,"minecraft:coal":27,"minecraft:iron_axe":1,"immersive_aircraft:hull":2,"minecraft:wheat":63,"minecraft:crafting_table":2,"minecraft:wooden_pickaxe":1,"minecraft:copper_ingot":36,"minecraft:bread":43,"minecraft:acacia_boat":1,"minecraft:shield":1,"minecraft:stick":16,"minecraft:acacia_planks":16,"minecraft:torch":40}},"DataVersion":3465}