{"stats":{"minecraft:killed_by":{"minecraft:husk":1},"minecraft:mined":{"minecraft:dark_oak_planks":2,"minecraft:dark_prismarine":1,"minecraft:spruce_planks":6,"minecraft:yellow_wall_banner":1,"minecraft:jungle_leaves":3,"minecraft:granite":3,"minecraft:acacia_log":21,"minecraft:grass_block":3,"minecraft:spruce_fence":1,"minecraft:jungle_planks":1,"minecraft:jungle_log":12,"minecraft:brown_mushroom_block":1,"minecraft:coal_block":3,"minecraft:spruce_leaves":3,"minecraft:spawner":2,"minecraft:hay_block":7,"minecraft:furnace":1,"minecraft:dark_oak_trapdoor":1,"minecraft:fire":2,"minecraft:dark_oak_stairs":1,"chococraft:gysahl_green":20,"minecraft:bookshelf":15,"minecraft:vine":4,"minecraft:stripped_mangrove_wood":6,"minecraft:stone":73,"minecraft:oak_slab":1,"minecraft:melon_stem":1,"travelersbackpack:standard":1,"minecraft:crafting_table":7,"minecraft:torch":2,"minecraft:blast_furnace":4,"minecraft:oak_wood":25,"minecraft:calcite":7,"minecraft:rose_bush":2,"minecraft:copper_ore":12,"minecraft:tall_grass":5,"minecraft:oak_planks":1,"minecraft:sugar_cane":1,"minecraft:wall_torch":3,"minecraft:spruce_stairs":1,"minecraft:black_stained_glass":2,"minecraft:dark_oak_slab":1,"minecraft:wheat":27,"minecraft:spruce_log":2,"minecraft:waxed_copper_block":4,"minecraft:mangrove_planks":1,"minecraft:grass":18,"minecraft:oak_log":24,"minecraft:coal_ore":23,"minecraft:cyan_carpet":1,"minecraft:sand":27,"minecraft:dirt":9,"minecraft:oak_leaves":7},"minecraft:custom":{"minecraft:mob_kills":57,"minecraft:interact_with_crafting_table":23,"minecraft:open_barrel":20,"minecraft:eat_cake_slice":2,"minecraft:leave_game":11,"minecraft:time_since_death":72656,"minecraft:climb_one_cm":6816,"minecraft:sprint_one_cm":239831,"minecraft:walk_one_cm":220055,"minecraft:damage_blocked_by_shield":505,"minecraft:drop":68,"minecraft:talked_to_villager":1,"minecraft:play_time":138931,"minecraft:sneak_time":5646,"minecraft:deaths":5,"minecraft:walk_under_water_one_cm":20097,"minecraft:boat_one_cm":631781,"minecraft:jump":1966,"minecraft:interact_with_blast_furnace":3,"minecraft:walk_on_water_one_cm":19368,"minecraft:total_world_time":138931,"minecraft:interact_with_furnace":7,"tombstone:raider_killed":9,"minecraft:sleep_in_bed":5,"minecraft:time_since_rest":16372,"minecraft:damage_taken":3824,"tombstone:sneak_grave":1,"minecraft:damage_dealt":13402,"minecraft:swim_one_cm":59251,"minecraft:fly_one_cm":374198,"minecraft:open_chest":34,"minecraft:crouch_one_cm":10871,"tombstone:undead_killed":29,"minecraft:fall_one_cm":40571,"minecraft:horse_one_cm":3402},"minecraft:killed":{"minecraft:vindicator":1,"minecraft:skeleton":10,"minecraft:husk":13,"minecraft:pig":3,"minecraft:iron_golem":1,"aquaculture:jellyfish":2,"minecraft:sheep":3,"minecraft:pillager":8,"minecraft:zombie":6,"minecraft:cow":6,"chococraft:chocobo":1},"minecraft:picked_up":{"minecraft:crafting_table":8,"chococraft:loverly_gysahl_green":7,"minecraft:wheat":24,"minecraft:suspicious_stew":1,"minecraft:potion":1,"minecraft:enchanted_book":1,"minecraft:raw_copper":41,"minecraft:cyan_carpet":3,"minecraft:spruce_planks":6,"minecraft:rose_bush":2,"minecraft:redstone_torch":1,"minecraft:calcite":7,"minecraft:poppy":2,"minecraft:light_gray_wool":2,"minecraft:coal_block":3,"minecraft:sugar_cane":2,"minecraft:spruce_trapdoor":1,"minecraft:furnace":1,"minecraft:stick":2,"minecraft:stripped_mangrove_wood":6,"minecraft:copper_ingot":3,"minecraft:torch":9,"minecraft:acacia_log":21,"minecraft:spruce_stairs":1,"minecraft:spruce_fence":1,"minecraft:porkchop":6,"tombstone:grave_dust":4,"minecraft:dark_oak_planks":1,"minecraft:yellow_banner":1,"minecraft:arrow":12,"minecraft:rotten_flesh":11,"minecraft:diamond_chestplate":1,"minecraft:hay_block":7,"chococraft:chocobo_drumstick_raw":1,"minecraft:white_wool":1,"minecraft:cobblestone":76,"minecraft:leather_chestplate":1,"minecraft:jungle_log":12,"minecraft:leather":6,"minecraft:filled_map":1,"minecraft:oak_log":24,"minecraft:waxed_copper_block":4,"tombstone:voodoo_poppet":1,"minecraft:dirt":84,"tombstone:gift":1,"minecraft:glass":11,"minecraft:bone":7,"chococraft:gysahl_green":51,"chococraft:gold_gysahl":2,"minecraft:wheat_seeds":62,"minecraft:iron_ingot":5,"minecraft:mangrove_planks":1,"minecraft:acacia_sapling":2,"minecraft:dark_oak_stairs":1,"aquaculture:jellyfish":2,"minecraft:book":45,"minecraft:sand":26,"minecraft:jungle_planks":1,"chococraft:gysahl_green_seeds":20,"minecraft:blast_furnace":4,"argentinas_delight:yerbamate":2,"minecraft:leather_helmet":1,"minecraft:dark_prismarine":1,"travelersbackpack:standard":1,"minecraft:oak_wood":24,"minecraft:soul_lantern":1,"minecraft:granite":3,"minecraft:oak_sapling":1,"argentinas_delight:cuernodetoro":1,"minecraft:coal":72},"minecraft:used":{"minecraft:flint_and_steel":1,"minecraft:spruce_planks":1,"minecraft:shield":10,"minecraft:iron_sword":305,"minecraft:torch":9,"minecraft:dirt":6,"minecraft:jungle_planks":48,"minecraft:spruce_stairs":1,"minecraft:spruce_fence":1,"minecraft:dark_oak_planks":1,"minecraft:iron_axe":167,"minecraft:diamond_chestplate":1,"minecraft:bow":5,"minecraft:sweet_berries":7,"minecraft:furnace":1,"tombstone:gift":9,"minecraft:calcite":4,"minecraft:dark_oak_stairs":1,"minecraft:acacia_boat":1,"minecraft:water_bucket":3,"minecraft:baked_potato":7,"minecraft:mangrove_planks":1,"minecraft:oak_planks":53,"minecraft:leather_boots":1,"minecraft:stripped_mangrove_wood":6,"minecraft:crafting_table":8,"minecraft:oak_log":4,"minecraft:iron_pickaxe":144,"minecraft:bread":30,"minecraft:wooden_sword":5,"minecraft:cobblestone":43,"travelersbackpack:standard":3,"minecraft:bucket":3,"chococraft:gysahl_green":28,"minecraft:pumpkin_pie":2},"minecraft:dropped":{"minecraft:iron_sword":1,"minecraft:porkchop":6,"chococraft:loverly_gysahl_green":6,"minecraft:wheat_seeds":62,"chococraft:gold_gysahl":1,"minecraft:ender_pearl":2,"minecraft:cobblestone":9,"minecraft:leather":2,"chococraft:gysahl_green_seeds":20,"minecraft:jungle_planks":1,"minecraft:saddle":1,"minecraft:leather_helmet":1,"minecraft:stick":2,"minecraft:emerald":13,"minecraft:dirt":62,"minecraft:milk_bucket":1,"tombstone:grave_key":1,"chococraft:chocobo_drumstick_raw":1,"minecraft:potion":2,"minecraft:iron_leggings":2,"minecraft:wooden_sword":1,"minecraft:wither_rose":1,"minecraft:sand":3,"tombstone:voodoo_poppet":2,"minecraft:acacia_planks":7,"minecraft:cyan_carpet":3,"minecraft:bone":6,"minecraft:sugar_cane":2,"minecraft:raw_copper":41,"minecraft:obsidian":3,"minecraft:soul_lantern":1,"minecraft:oak_planks":4,"minecraft:iron_boots":1,"minecraft:suspicious_stew":2,"argentinas_delight:yerbamate":2,"argentinas_delight:cuernodetoro":1,"minecraft:filled_map":2,"minecraft:poppy":2,"minecraft:leather_chestplate":1,"minecraft:spruce_trapdoor":1,"minecraft:iron_chestplate":1,"minecraft:leather_boots":1,"minecraft:oak_sapling":1,"minecraft:acacia_sapling":2,"minecraft:redstone_torch":1,"minecraft:wooden_pickaxe":1,"minecraft:calcite":3,"minecraft:dark_prismarine":1},"minecraft:crafted":{"minecraft:wooden_sword":1,"minecraft:oak_planks":132,"minecraft:coal":27,"minecraft:furnace":2,"minecraft:glass":12,"minecraft:iron_axe":1,"travelersbackpack:light_gray_sleeping_bag":1,"immersive_aircraft:hull":3,"minecraft:chest":5,"immersive_aircraft:steel_boiler":1,"minecraft:wheat":63,"immersive_aircraft:boiler":1,"minecraft:crafting_table":2,"travelersbackpack:backpack_tank":2,"minecraft:wooden_pickaxe":1,"travelersbackpack:standard":1,"minecraft:iron_sword":1,"minecraft:copper_ingot":36,"minecraft:bread":43,"immersive_aircraft:propeller":1,"minecraft:acacia_boat":1,"minecraft:air":0,"minecraft:jungle_planks":48,"minecraft:shield":1,"minecraft:stick":24,"minecraft:acacia_planks":56,"minecraft:torch":40},"minecraft:broken":{"minecraft:iron_sword":1}},"DataVersion":3465}