{"stats":{"minecraft:killed_by":{"minecraft:husk":1},"minecraft:mined":{"minecraft:oak_slab":1,"minecraft:yellow_wall_banner":1,"minecraft:melon_stem":1,"minecraft:crafting_table":4,"minecraft:torch":1,"minecraft:blast_furnace":2,"minecraft:acacia_log":4,"minecraft:oak_wood":1,"minecraft:calcite":5,"minecraft:rose_bush":2,"minecraft:coal_block":3,"minecraft:tall_grass":4,"minecraft:spruce_leaves":3,"minecraft:oak_planks":1,"minecraft:sugar_cane":1,"minecraft:wall_torch":1,"minecraft:spawner":2,"minecraft:hay_block":7,"minecraft:black_stained_glass":2,"minecraft:wheat":27,"minecraft:mangrove_planks":1,"minecraft:grass":11,"minecraft:bookshelf":15,"chococraft:gysahl_green":19,"minecraft:oak_log":9,"minecraft:sand":2,"minecraft:cyan_carpet":1,"minecraft:dirt":4,"minecraft:stripped_mangrove_wood":6,"minecraft:stone":2,"minecraft:oak_leaves":1},"minecraft:custom":{"minecraft:interact_with_furnace":1,"minecraft:mob_kills":42,"tombstone:raider_killed":9,"minecraft:interact_with_crafting_table":12,"minecraft:open_barrel":16,"minecraft:eat_cake_slice":2,"minecraft:leave_game":5,"minecraft:time_since_death":10809,"minecraft:sleep_in_bed":2,"minecraft:climb_one_cm":5816,"minecraft:time_since_rest":7503,"minecraft:sprint_one_cm":145590,"minecraft:damage_taken":2942,"minecraft:walk_one_cm":133485,"minecraft:damage_blocked_by_shield":70,"tombstone:sneak_grave":1,"minecraft:drop":39,"minecraft:damage_dealt":11002,"minecraft:swim_one_cm":39556,"minecraft:fly_one_cm":187250,"minecraft:play_time":77084,"minecraft:open_chest":26,"minecraft:crouch_one_cm":4361,"tombstone:undead_killed":25,"minecraft:deaths":5,"minecraft:sneak_time":3357,"minecraft:walk_under_water_one_cm":14252,"minecraft:boat_one_cm":475496,"minecraft:jump":908,"minecraft:interact_with_blast_furnace":3,"minecraft:walk_on_water_one_cm":12331,"minecraft:total_world_time":77084,"minecraft:fall_one_cm":18026},"minecraft:killed":{"minecraft:husk":13,"minecraft:pig":2,"minecraft:iron_golem":1,"minecraft:vindicator":1,"aquaculture:jellyfish":2,"minecraft:skeleton":8,"minecraft:pillager":8,"minecraft:zombie":4},"minecraft:picked_up":{"minecraft:crafting_table":4,"chococraft:loverly_gysahl_green":6,"minecraft:wheat":24,"minecraft:potion":1,"minecraft:filled_map":1,"minecraft:oak_log":9,"tombstone:voodoo_poppet":1,"minecraft:dirt":20,"minecraft:bone":7,"minecraft:cyan_carpet":3,"chococraft:gysahl_green":47,"chococraft:gold_gysahl":2,"minecraft:wheat_seeds":62,"minecraft:spruce_planks":1,"minecraft:iron_ingot":5,"minecraft:redstone_torch":1,"minecraft:rose_bush":2,"minecraft:calcite":5,"minecraft:poppy":2,"minecraft:sugar_cane":2,"minecraft:mangrove_planks":1,"minecraft:coal_block":3,"minecraft:spruce_trapdoor":1,"aquaculture:jellyfish":2,"minecraft:book":45,"minecraft:stripped_mangrove_wood":6,"minecraft:torch":5,"minecraft:acacia_log":4,"minecraft:porkchop":3,"minecraft:sand":1,"chococraft:gysahl_green_seeds":19,"tombstone:grave_dust":4,"minecraft:blast_furnace":2,"minecraft:dark_oak_planks":1,"minecraft:yellow_banner":1,"minecraft:oak_wood":1,"minecraft:arrow":10,"minecraft:rotten_flesh":8,"minecraft:soul_lantern":1,"minecraft:hay_block":7,"minecraft:cobblestone":2},"minecraft:dropped":{"minecraft:iron_sword":1,"minecraft:sugar_cane":2,"minecraft:porkchop":3,"chococraft:loverly_gysahl_green":5,"minecraft:wheat_seeds":62,"chococraft:gold_gysahl":1,"minecraft:ender_pearl":2,"minecraft:obsidian":3,"minecraft:soul_lantern":1,"minecraft:cobblestone":2,"minecraft:oak_planks":4,"minecraft:iron_boots":1,"chococraft:gysahl_green_seeds":12,"minecraft:saddle":1,"minecraft:emerald":6,"minecraft:filled_map":2,"minecraft:poppy":2,"minecraft:dirt":4,"minecraft:milk_bucket":1,"minecraft:spruce_trapdoor":1,"tombstone:grave_key":1,"minecraft:iron_chestplate":1,"minecraft:redstone_torch":1,"minecraft:potion":2,"minecraft:iron_leggings":2,"minecraft:wooden_sword":1,"minecraft:wither_rose":1,"minecraft:sand":1,"minecraft:wooden_pickaxe":1,"minecraft:calcite":3,"tombstone:voodoo_poppet":2,"minecraft:cyan_carpet":3,"minecraft:bone":6},"minecraft:used":{"minecraft:calcite":2,"minecraft:acacia_boat":1,"minecraft:flint_and_steel":1,"minecraft:mangrove_planks":1,"minecraft:baked_potato":6,"minecraft:oak_planks":13,"minecraft:spruce_planks":1,"minecraft:shield":3,"minecraft:iron_sword":255,"minecraft:leather_boots":1,"minecraft:torch":5,"minecraft:stripped_mangrove_wood":6,"minecraft:crafting_table":5,"minecraft:dark_oak_planks":1,"minecraft:bread":11,"minecraft:iron_axe":36,"minecraft:iron_pickaxe":17,"minecraft:wooden_sword":5,"minecraft:bow":2,"minecraft:sweet_berries":7,"tombstone:gift":5,"minecraft:pumpkin_pie":2,"chococraft:gysahl_green":28},"minecraft:crafted":{"minecraft:wooden_sword":1,"minecraft:oak_planks":40,"minecraft:coal":27,"minecraft:crafting_table":2,"minecraft:wooden_pickaxe":1,"minecraft:acacia_boat":1,"minecraft:bread":43,"minecraft:shield":1,"minecraft:iron_axe":1,"minecraft:stick":16,"minecraft:acacia_planks":16,"minecraft:torch":40,"minecraft:wheat":63}},"DataVersion":3465}