{"stats":{"minecraft:mined":{"minecraft:oak_slab":1,"minecraft:yellow_wall_banner":1,"minecraft:melon_stem":1,"minecraft:crafting_table":4,"minecraft:torch":1,"minecraft:acacia_log":4,"minecraft:calcite":2,"minecraft:oak_wood":1,"minecraft:rose_bush":2,"minecraft:coal_block":3,"minecraft:tall_grass":4,"minecraft:spruce_leaves":3,"minecraft:sugar_cane":1,"minecraft:oak_planks":1,"minecraft:hay_block":7,"minecraft:black_stained_glass":2,"minecraft:wheat":27,"minecraft:mangrove_planks":1,"minecraft:grass":9,"chococraft:gysahl_green":19,"minecraft:oak_log":9,"minecraft:sand":2,"minecraft:dirt":4,"minecraft:stripped_mangrove_wood":5,"minecraft:stone":2,"minecraft:oak_leaves":1},"minecraft:custom":{"minecraft:interact_with_furnace":1,"minecraft:mob_kills":26,"tombstone:raider_killed":9,"minecraft:interact_with_crafting_table":12,"minecraft:open_barrel":11,"minecraft:eat_cake_slice":2,"minecraft:leave_game":1,"minecraft:time_since_death":3141,"minecraft:sleep_in_bed":1,"minecraft:climb_one_cm":4425,"minecraft:time_since_rest":1488,"minecraft:sprint_one_cm":130338,"minecraft:damage_taken":2094,"minecraft:walk_one_cm":101650,"minecraft:damage_blocked_by_shield":70,"minecraft:drop":29,"minecraft:damage_dealt":5927,"minecraft:swim_one_cm":27790,"minecraft:fly_one_cm":157294,"minecraft:open_chest":24,"minecraft:deaths":3,"minecraft:crouch_one_cm":3801,"minecraft:play_time":58472,"tombstone:undead_killed":12,"minecraft:sneak_time":2329,"minecraft:walk_under_water_one_cm":10811,"minecraft:boat_one_cm":353145,"minecraft:jump":745,"minecraft:interact_with_blast_furnace":2,"minecraft:walk_on_water_one_cm":9247,"minecraft:total_world_time":58472,"minecraft:fall_one_cm":14282},"minecraft:killed":{"minecraft:husk":5,"minecraft:pig":2,"minecraft:vindicator":1,"minecraft:skeleton":3,"minecraft:pillager":8,"minecraft:zombie":4},"minecraft:picked_up":{"minecraft:crafting_table":4,"chococraft:loverly_gysahl_green":6,"minecraft:wheat":24,"minecraft:filled_map":1,"minecraft:oak_log":9,"tombstone:voodoo_poppet":1,"minecraft:dirt":20,"minecraft:bone":4,"chococraft:gysahl_green":47,"chococraft:gold_gysahl":2,"minecraft:wheat_seeds":62,"minecraft:rose_bush":2,"minecraft:calcite":2,"minecraft:mangrove_planks":1,"minecraft:coal_block":3,"minecraft:sugar_cane":2,"minecraft:stripped_mangrove_wood":5,"minecraft:torch":4,"minecraft:acacia_log":4,"minecraft:sand":1,"minecraft:porkchop":3,"chococraft:gysahl_green_seeds":19,"tombstone:grave_dust":2,"minecraft:yellow_banner":1,"minecraft:oak_wood":1,"minecraft:arrow":5,"minecraft:rotten_flesh":1,"minecraft:hay_block":7,"minecraft:cobblestone":2},"minecraft:dropped":{"minecraft:iron_sword":1,"minecraft:porkchop":3,"minecraft:sugar_cane":2,"chococraft:loverly_gysahl_green":5,"minecraft:wheat_seeds":62,"chococraft:gold_gysahl":1,"minecraft:ender_pearl":2,"minecraft:obsidian":3,"minecraft:cobblestone":2,"minecraft:oak_planks":4,"minecraft:iron_boots":1,"chococraft:gysahl_green_seeds":12,"minecraft:saddle":1,"minecraft:emerald":6,"minecraft:filled_map":2,"minecraft:dirt":4,"minecraft:milk_bucket":1,"minecraft:iron_chestplate":1,"minecraft:iron_leggings":2,"minecraft:wooden_sword":1,"minecraft:wither_rose":1,"minecraft:sand":1,"minecraft:wooden_pickaxe":1,"tombstone:voodoo_poppet":2,"minecraft:bone":3},"minecraft:used":{"minecraft:calcite":2,"minecraft:acacia_boat":1,"minecraft:flint_and_steel":1,"minecraft:baked_potato":6,"minecraft:oak_planks":13,"minecraft:shield":3,"minecraft:iron_sword":149,"minecraft:leather_boots":1,"minecraft:torch":4,"minecraft:stripped_mangrove_wood":1,"minecraft:crafting_table":5,"minecraft:iron_axe":19,"minecraft:bread":9,"minecraft:iron_pickaxe":10,"minecraft:wooden_sword":5,"minecraft:bow":1,"minecraft:sweet_berries":7,"tombstone:gift":3,"chococraft:gysahl_green":28},"minecraft:crafted":{"minecraft:wooden_sword":1,"minecraft:oak_planks":40,"minecraft:coal":27,"minecraft:crafting_table":2,"minecraft:wooden_pickaxe":1,"minecraft:acacia_boat":1,"minecraft:bread":43,"minecraft:shield":1,"minecraft:iron_axe":1,"minecraft:stick":16,"minecraft:acacia_planks":16,"minecraft:torch":40,"minecraft:wheat":63}},"DataVersion":3465}