{"stats":{"minecraft:killed_by":{"minecraft:husk":1},"minecraft:mined":{"minecraft:dark_oak_planks":2,"minecraft:dark_prismarine":1,"argentinas_delight:pavallena":2,"minecraft:spruce_planks":14,"minecraft:yellow_wall_banner":1,"travelersbackpack:pumpkin":1,"minecraft:jungle_leaves":4,"argentinas_delight:hojasdemate":25,"minecraft:granite":3,"minecraft:acacia_log":28,"minecraft:spruce_fence":1,"minecraft:grass_block":3,"minecraft:jungle_planks":1,"minecraft:jungle_log":12,"argentinas_delight:mateyerbaseca":1,"minecraft:brown_mushroom_block":1,"minecraft:coal_block":3,"minecraft:spruce_leaves":3,"minecraft:spawner":2,"minecraft:hay_block":34,"minecraft:furnace":1,"minecraft:dark_oak_trapdoor":1,"minecraft:fire":2,"argentinas_delight:mateamargo":10,"minecraft:dark_oak_stairs":1,"minecraft:bookshelf":15,"chococraft:gysahl_green":26,"minecraft:vine":4,"minecraft:stripped_mangrove_wood":6,"minecraft:stone":89,"minecraft:bone_block":12,"minecraft:white_wool":3,"minecraft:oak_slab":1,"minecraft:red_wool":9,"minecraft:melon_stem":1,"minecraft:dandelion":1,"argentinas_delight:chanchoasadobloque":1,"travelersbackpack:standard":3,"minecraft:crafting_table":8,"minecraft:torch":8,"minecraft:oak_wood":25,"minecraft:blast_furnace":4,"argentinas_delight:pavacaliente":1,"minecraft:calcite":7,"minecraft:rose_bush":2,"minecraft:dead_bush":2,"minecraft:copper_ore":12,"minecraft:tall_grass":6,"minecraft:oak_planks":4,"minecraft:sugar_cane":1,"minecraft:wall_torch":5,"argentinas_delight:tablasado_3click":1,"minecraft:spruce_stairs":1,"minecraft:black_stained_glass":2,"minecraft:dark_oak_slab":1,"minecraft:wheat":27,"minecraft:spruce_log":2,"minecraft:waxed_copper_block":4,"minecraft:mangrove_planks":1,"minecraft:grass":56,"minecraft:coal_ore":23,"minecraft:oak_log":24,"minecraft:cyan_carpet":1,"minecraft:dirt":9,"minecraft:sand":45,"minecraft:acacia_planks":1,"minecraft:stonecutter":1,"minecraft:oak_leaves":12,"minecraft:fern":8},"minecraft:custom":{"minecraft:interact_with_anvil":1,"minecraft:mob_kills":92,"minecraft:interact_with_crafting_table":24,"minecraft:open_barrel":22,"minecraft:eat_cake_slice":2,"minecraft:leave_game":31,"minecraft:time_since_death":76215,"minecraft:climb_one_cm":17380,"minecraft:sprint_one_cm":556252,"minecraft:walk_one_cm":474541,"minecraft:damage_blocked_by_shield":978,"minecraft:drop":149,"minecraft:talked_to_villager":1,"minecraft:play_time":287972,"minecraft:sneak_time":10528,"minecraft:deaths":8,"minecraft:walk_under_water_one_cm":29439,"minecraft:boat_one_cm":631781,"minecraft:jump":5001,"minecraft:interact_with_blast_furnace":3,"minecraft:walk_on_water_one_cm":33368,"minecraft:total_world_time":287972,"minecraft:interact_with_furnace":11,"tombstone:raider_killed":9,"minecraft:interact_with_stonecutter":1,"minecraft:sleep_in_bed":10,"minecraft:time_since_rest":18190,"minecraft:damage_taken":6705,"tombstone:sneak_grave":1,"minecraft:damage_dealt":19070,"tombstone:cast_on_ally":3,"minecraft:swim_one_cm":104915,"minecraft:fly_one_cm":1013663,"minecraft:open_chest":46,"minecraft:crouch_one_cm":18379,"tombstone:undead_killed":38,"minecraft:fall_one_cm":119774,"minecraft:horse_one_cm":3402},"minecraft:killed":{"minecraft:spider":3,"minecraft:vindicator":1,"minecraft:skeleton":11,"minecraft:drowned":3,"orcz:orcsavagemace":1,"minecraft:husk":13,"minecraft:pig":3,"minecraft:iron_golem":1,"aquaculture:jellyfish":2,"minecraft:sheep":6,"minecraft:pillager":8,"minecraft:zombie":11,"orcz:bigorcboss":1,"orcz:snot":1,"orcz:orcshield":1,"minecraft:cow":19,"chococraft:chocobo":1},"minecraft:picked_up":{"minecraft:crafting_table":9,"chococraft:loverly_gysahl_green":7,"minecraft:wheat":24,"minecraft:suspicious_stew":1,"minecraft:potion":1,"minecraft:enchanted_book":1,"minecraft:string":5,"minecraft:raw_copper":41,"minecraft:cyan_carpet":3,"minecraft:spruce_planks":15,"minecraft:beef":23,"minecraft:white_tulip":6,"minecraft:rose_bush":2,"minecraft:redstone_torch":1,"minecraft:calcite":7,"minecraft:poppy":2,"minecraft:iron_pickaxe":1,"minecraft:light_gray_wool":2,"minecraft:coal_block":3,"minecraft:sugar_cane":2,"argentinas_delight:mateamargoitem":9,"minecraft:spruce_trapdoor":1,"minecraft:furnace":1,"minecraft:egg":1,"minecraft:stick":9,"minecraft:stripped_mangrove_wood":6,"argentinas_delight:pavacalientetool":2,"minecraft:copper_ingot":4,"minecraft:torch":15,"minecraft:bowl":6,"minecraft:acacia_log":28,"minecraft:spruce_stairs":1,"minecraft:spruce_fence":1,"minecraft:porkchop":6,"orcz:orchorn":1,"tombstone:grave_dust":8,"argentinas_delight:pavallena":4,"minecraft:dark_oak_planks":1,"minecraft:yellow_banner":1,"minecraft:arrow":14,"minecraft:rotten_flesh":23,"minecraft:diamond_chestplate":1,"minecraft:hay_block":33,"chococraft:chocobo_drumstick_raw":1,"minecraft:mutton":20,"minecraft:bone_block":11,"minecraft:white_wool":22,"minecraft:cobblestone":84,"minecraft:leather_chestplate":1,"orcz:orcteeth":15,"minecraft:jungle_log":12,"minecraft:leather":21,"minecraft:filled_map":1,"minecraft:oak_log":24,"minecraft:waxed_copper_block":4,"tombstone:voodoo_poppet":1,"minecraft:lapis_lazuli":9,"minecraft:dirt":85,"chococraft:chocobo_feather":1,"tombstone:gift":1,"minecraft:red_carpet":1,"minecraft:glass":11,"minecraft:bone":15,"minecraft:acacia_planks":1,"chococraft:gysahl_green":66,"chococraft:gold_gysahl":2,"minecraft:wheat_seeds":74,"minecraft:iron_ingot":6,"tombstone:bag_of_seeds":1,"minecraft:mangrove_planks":1,"argentinas_delight:tostaditas":4,"minecraft:oak_planks":3,"minecraft:acacia_sapling":2,"minecraft:dark_oak_stairs":1,"aquaculture:jellyfish":2,"minecraft:book":45,"minecraft:red_wool":14,"minecraft:dandelion":1,"minecraft:sand":34,"minecraft:jungle_planks":1,"argentinas_delight:corderoitem":1,"chococraft:gysahl_green_seeds":26,"minecraft:blast_furnace":4,"minecraft:spider_eye":2,"argentinas_delight:yerbamate":27,"argentinas_delight:mateyerbaseca":1,"minecraft:leather_helmet":1,"minecraft:dark_prismarine":1,"travelersbackpack:standard":3,"minecraft:oak_wood":24,"minecraft:diamond":4,"minecraft:soul_lantern":1,"travelersbackpack:pumpkin":2,"minecraft:granite":3,"argentinas_delight:vacio":1,"tombstone:magic_scroll":1,"minecraft:oak_sapling":1,"argentinas_delight:cuernodetoro":8,"minecraft:coal":72},"minecraft:used":{"argentinas_delight:chinchulinesitem":1,"minecraft:flint_and_steel":1,"minecraft:bone_block":8,"minecraft:spruce_planks":10,"minecraft:shield":17,"minecraft:iron_sword":444,"argentinas_delight:mateyerbaseca":7,"argentinas_delight:yerbamate":3,"minecraft:torch":18,"minecraft:dirt":6,"tombstone:scroll_of_aquatic_life":1,"minecraft:spruce_stairs":1,"minecraft:jungle_planks":48,"minecraft:spruce_fence":1,"minecraft:dark_oak_planks":1,"argentinas_delight:mateamargoitem":9,"minecraft:iron_axe":211,"argentinas_delight:pavallena":4,"minecraft:diamond_chestplate":2,"minecraft:bow":5,"minecraft:sweet_berries":7,"minecraft:furnace":1,"tombstone:gift":13,"minecraft:egg":1,"minecraft:acacia_planks":1,"minecraft:calcite":4,"argentinas_delight:costillasdechancho":1,"minecraft:dark_oak_stairs":1,"minecraft:acacia_boat":1,"minecraft:water_bucket":8,"minecraft:diamond_boots":1,"minecraft:baked_potato":7,"minecraft:mangrove_planks":1,"minecraft:oak_planks":103,"minecraft:leather_boots":1,"argentinas_delight:pava":2,"minecraft:stripped_mangrove_wood":6,"minecraft:crafting_table":9,"argentinas_delight:pavacalientetool":39,"argentinas_delight:corderoitem":1,"tombstone:bag_of_seeds":1,"minecraft:oak_log":4,"minecraft:diamond_pickaxe":29,"minecraft:iron_pickaxe":144,"minecraft:bread":80,"travelersbackpack:pumpkin":2,"minecraft:wooden_sword":5,"minecraft:cobblestone":57,"travelersbackpack:standard":5,"argentinas_delight:matevacio":3,"minecraft:bucket":10,"chococraft:gysahl_green":35,"minecraft:pumpkin_pie":2,"minecraft:dandelion":1,"minecraft:diamond_leggings":1,"argentinas_delight:vacio":1},"minecraft:dropped":{"minecraft:iron_ingot":48,"minecraft:bread":10,"minecraft:iron_sword":1,"minecraft:porkchop":6,"chococraft:loverly_gysahl_green":6,"minecraft:wheat_seeds":74,"minecraft:lapis_lazuli":9,"chococraft:gold_gysahl":2,"minecraft:ender_pearl":2,"minecraft:crafting_table":1,"minecraft:cobblestone":11,"argentinas_delight:pavacalientetool":1,"minecraft:leather":2,"chococraft:gysahl_green_seeds":26,"minecraft:jungle_planks":1,"minecraft:saddle":2,"minecraft:copper_ingot":33,"minecraft:leather_helmet":1,"minecraft:coal":8,"minecraft:emerald":13,"minecraft:stick":10,"minecraft:dirt":63,"minecraft:milk_bucket":1,"minecraft:torch":5,"tombstone:grave_key":1,"minecraft:mutton":20,"chococraft:chocobo_drumstick_raw":1,"minecraft:potion":2,"minecraft:iron_leggings":2,"minecraft:wooden_sword":1,"minecraft:wither_rose":1,"minecraft:sand":11,"minecraft:iron_pickaxe":3,"tombstone:voodoo_poppet":2,"minecraft:acacia_planks":7,"minecraft:cyan_carpet":3,"minecraft:bone":14,"minecraft:white_tulip":6,"minecraft:sugar_cane":2,"minecraft:raw_copper":41,"minecraft:bowl":6,"minecraft:obsidian":3,"minecraft:soul_lantern":1,"minecraft:rotten_flesh":32,"argentinas_delight:tostaditas":4,"minecraft:iron_boots":2,"minecraft:oak_planks":8,"minecraft:suspicious_stew":2,"argentinas_delight:yerbamate":16,"argentinas_delight:cuernodetoro":2,"minecraft:filled_map":2,"minecraft:poppy":2,"minecraft:leather_chestplate":1,"orcz:orcteeth":15,"minecraft:spruce_trapdoor":1,"minecraft:spruce_planks":1,"minecraft:iron_chestplate":2,"minecraft:leather_boots":1,"minecraft:oak_sapling":1,"minecraft:acacia_sapling":2,"minecraft:redstone_torch":1,"minecraft:spider_eye":2,"minecraft:wooden_pickaxe":1,"minecraft:calcite":3,"minecraft:dark_prismarine":1,"orcz:orchorn":1,"chococraft:gysahl_green":30},"minecraft:crafted":{"minecraft:wooden_sword":1,"minecraft:oak_planks":132,"minecraft:coal":27,"minecraft:furnace":2,"minecraft:white_carpet":12,"minecraft:glass":12,"minecraft:diamond_leggings":1,"minecraft:iron_axe":1,"travelersbackpack:light_gray_sleeping_bag":1,"immersive_aircraft:hull":3,"immersive_aircraft:steel_boiler":1,"minecraft:chest":5,"minecraft:wheat":171,"immersive_aircraft:boiler":1,"minecraft:crafting_table":2,"travelersbackpack:backpack_tank":2,"minecraft:wooden_pickaxe":1,"travelersbackpack:standard":1,"minecraft:iron_sword":1,"minecraft:copper_ingot":36,"minecraft:bread":79,"immersive_aircraft:propeller":1,"minecraft:acacia_boat":1,"minecraft:air":0,"minecraft:jungle_planks":48,"minecraft:shield":1,"minecraft:stick":24,"argentinas_delight:pava":1,"chococraft:chocobo_saddle":1,"minecraft:acacia_planks":56,"minecraft:torch":40,"minecraft:diamond_chestplate":1},"minecraft:broken":{"minecraft:diamond_chestplate":1,"minecraft:iron_sword":1}},"DataVersion":3465}