{"stats":{"minecraft:mined":{"minecraft:crafting_table":1,"minecraft:grass":4,"chococraft:gysahl_green":12,"minecraft:oak_wood":1,"minecraft:oak_log":6,"minecraft:rose_bush":2,"minecraft:tall_grass":4,"minecraft:spruce_leaves":3,"minecraft:sugar_cane":1,"minecraft:oak_leaves":1},"minecraft:custom":{"minecraft:time_since_rest":19054,"minecraft:sprint_one_cm":84262,"minecraft:damage_taken":327,"minecraft:walk_one_cm":32077,"minecraft:mob_kills":10,"minecraft:drop":5,"minecraft:damage_dealt":1154,"minecraft:interact_with_crafting_table":2,"minecraft:swim_one_cm":7708,"minecraft:fly_one_cm":104030,"minecraft:open_chest":12,"tombstone:undead_killed":5,"minecraft:crouch_one_cm":1006,"minecraft:play_time":19054,"minecraft:sneak_time":670,"minecraft:walk_under_water_one_cm":408,"minecraft:boat_one_cm":42983,"minecraft:jump":419,"minecraft:walk_on_water_one_cm":2398,"minecraft:time_since_death":19054,"minecraft:total_world_time":19054,"minecraft:climb_one_cm":1117,"minecraft:fall_one_cm":8928},"minecraft:killed":{"minecraft:skeleton":2,"minecraft:zombie":3,"minecraft:pig":2},"minecraft:picked_up":{"chococraft:loverly_gysahl_green":5,"minecraft:crafting_table":1,"minecraft:filled_map":1,"minecraft:porkchop":3,"minecraft:oak_log":6,"chococraft:gysahl_green_seeds":12,"tombstone:grave_dust":2,"minecraft:oak_wood":1,"minecraft:bone":4,"minecraft:arrow":5,"chococraft:gysahl_green":31,"chococraft:gold_gysahl":1,"minecraft:wheat_seeds":1,"minecraft:rose_bush":2,"minecraft:sugar_cane":2},"minecraft:used":{"minecraft:oak_planks":11,"minecraft:iron_sword":30,"minecraft:wooden_sword":5,"minecraft:sweet_berries":6,"minecraft:crafting_table":1,"chococraft:gysahl_green":24},"minecraft:dropped":{"minecraft:filled_map":1,"minecraft:iron_sword":1,"minecraft:wooden_sword":1,"minecraft:iron_boots":1,"minecraft:wooden_pickaxe":1},"minecraft:crafted":{"minecraft:wooden_sword":1,"minecraft:oak_planks":24,"minecraft:crafting_table":1,"minecraft:stick":4,"minecraft:wooden_pickaxe":1}},"DataVersion":3465}