{"stats":{"minecraft:mined":{"minecraft:grass":2,"chococraft:gysahl_green":12,"minecraft:oak_log":6,"minecraft:spruce_leaves":3,"minecraft:sugar_cane":1,"minecraft:oak_leaves":1},"minecraft:custom":{"minecraft:time_since_rest":7054,"minecraft:crouch_one_cm":27,"minecraft:play_time":7054,"minecraft:sprint_one_cm":43620,"minecraft:walk_one_cm":7260,"minecraft:sneak_time":45,"minecraft:walk_under_water_one_cm":166,"minecraft:jump":181,"minecraft:time_since_death":7054,"minecraft:walk_on_water_one_cm":1020,"minecraft:total_world_time":7054,"minecraft:swim_one_cm":6019,"minecraft:interact_with_crafting_table":1,"minecraft:fall_one_cm":3611,"minecraft:fly_one_cm":46041},"minecraft:picked_up":{"chococraft:loverly_gysahl_green":5,"chococraft:gysahl_green":31,"chococraft:gold_gysahl":1,"minecraft:oak_log":6,"chococraft:gysahl_green_seeds":12,"minecraft:sugar_cane":2},"minecraft:used":{"minecraft:crafting_table":1,"chococraft:gysahl_green":11},"minecraft:crafted":{"minecraft:wooden_sword":1,"minecraft:oak_planks":24,"minecraft:crafting_table":1,"minecraft:stick":4,"minecraft:wooden_pickaxe":1}},"DataVersion":3465}