{"stats":{"minecraft:mined":{"minecraft:oak_slab":1,"minecraft:yellow_wall_banner":1,"minecraft:melon_stem":1,"minecraft:crafting_table":4,"minecraft:torch":1,"minecraft:oak_wood":1,"minecraft:rose_bush":2,"minecraft:coal_block":3,"minecraft:tall_grass":4,"minecraft:spruce_leaves":3,"minecraft:sugar_cane":1,"minecraft:oak_planks":1,"minecraft:hay_block":7,"minecraft:wheat":27,"minecraft:grass":5,"chococraft:gysahl_green":12,"minecraft:oak_log":9,"minecraft:dirt":4,"minecraft:stone":2,"minecraft:oak_leaves":1},"minecraft:custom":{"minecraft:interact_with_furnace":1,"minecraft:mob_kills":20,"tombstone:raider_killed":9,"minecraft:interact_with_crafting_table":11,"minecraft:open_barrel":10,"minecraft:leave_game":1,"minecraft:time_since_death":41495,"minecraft:sleep_in_bed":1,"minecraft:climb_one_cm":4425,"minecraft:time_since_rest":6420,"minecraft:sprint_one_cm":108171,"minecraft:damage_taken":1182,"minecraft:walk_one_cm":73825,"minecraft:damage_blocked_by_shield":70,"minecraft:drop":28,"minecraft:damage_dealt":3609,"minecraft:swim_one_cm":24610,"minecraft:fly_one_cm":129057,"minecraft:open_chest":22,"minecraft:crouch_one_cm":2628,"minecraft:play_time":41495,"tombstone:undead_killed":6,"minecraft:sneak_time":1207,"minecraft:walk_under_water_one_cm":9989,"minecraft:boat_one_cm":191100,"minecraft:jump":602,"minecraft:interact_with_blast_furnace":2,"minecraft:walk_on_water_one_cm":7602,"minecraft:total_world_time":41495,"minecraft:fall_one_cm":11345},"minecraft:killed":{"minecraft:pig":2,"minecraft:vindicator":1,"minecraft:skeleton":3,"minecraft:pillager":8,"minecraft:zombie":3},"minecraft:picked_up":{"minecraft:wheat":24,"minecraft:crafting_table":4,"chococraft:loverly_gysahl_green":5,"minecraft:filled_map":1,"minecraft:oak_log":9,"tombstone:voodoo_poppet":1,"minecraft:dirt":4,"minecraft:bone":4,"chococraft:gysahl_green":31,"chococraft:gold_gysahl":1,"minecraft:wheat_seeds":62,"minecraft:rose_bush":2,"minecraft:coal_block":3,"minecraft:sugar_cane":2,"minecraft:torch":4,"minecraft:porkchop":3,"chococraft:gysahl_green_seeds":12,"tombstone:grave_dust":2,"minecraft:yellow_banner":1,"minecraft:oak_wood":1,"minecraft:arrow":5,"minecraft:hay_block":7,"minecraft:cobblestone":2},"minecraft:used":{"minecraft:flint_and_steel":1,"minecraft:baked_potato":6,"minecraft:oak_planks":13,"minecraft:shield":3,"minecraft:iron_sword":99,"minecraft:torch":4,"minecraft:crafting_table":4,"minecraft:iron_axe":11,"minecraft:bread":5,"minecraft:iron_pickaxe":6,"minecraft:wooden_sword":5,"minecraft:sweet_berries":7,"chococraft:gysahl_green":28},"minecraft:dropped":{"minecraft:iron_sword":1,"minecraft:sugar_cane":2,"minecraft:porkchop":3,"chococraft:loverly_gysahl_green":5,"minecraft:wheat_seeds":62,"chococraft:gold_gysahl":1,"minecraft:ender_pearl":2,"minecraft:obsidian":3,"minecraft:cobblestone":2,"minecraft:oak_planks":4,"minecraft:iron_boots":1,"chococraft:gysahl_green_seeds":12,"minecraft:saddle":1,"minecraft:emerald":6,"minecraft:filled_map":2,"minecraft:dirt":4,"minecraft:milk_bucket":1,"minecraft:iron_chestplate":1,"minecraft:iron_leggings":2,"minecraft:wooden_sword":1,"minecraft:wither_rose":1,"minecraft:wooden_pickaxe":1,"tombstone:voodoo_poppet":2,"minecraft:bone":3},"minecraft:crafted":{"minecraft:wooden_sword":1,"minecraft:oak_planks":40,"minecraft:coal":27,"minecraft:crafting_table":1,"minecraft:wooden_pickaxe":1,"minecraft:bread":43,"minecraft:shield":1,"minecraft:iron_axe":1,"minecraft:stick":16,"minecraft:torch":40,"minecraft:wheat":63}},"DataVersion":3465}