{"stats":{"minecraft:mined":{"minecraft:oak_slab":1,"minecraft:crafting_table":3,"minecraft:grass":4,"chococraft:gysahl_green":12,"minecraft:oak_wood":1,"minecraft:oak_log":9,"minecraft:rose_bush":2,"minecraft:tall_grass":4,"minecraft:spruce_leaves":3,"minecraft:oak_planks":1,"minecraft:sugar_cane":1,"minecraft:oak_leaves":1},"minecraft:custom":{"minecraft:time_since_rest":31054,"minecraft:sprint_one_cm":89830,"minecraft:damage_taken":685,"minecraft:walk_one_cm":48472,"minecraft:mob_kills":19,"minecraft:drop":14,"tombstone:raider_killed":9,"minecraft:damage_dealt":3385,"minecraft:interact_with_crafting_table":10,"minecraft:swim_one_cm":21006,"minecraft:fly_one_cm":106338,"minecraft:open_barrel":10,"minecraft:open_chest":18,"tombstone:undead_killed":5,"minecraft:crouch_one_cm":1537,"minecraft:play_time":31054,"minecraft:sneak_time":892,"minecraft:walk_under_water_one_cm":1156,"minecraft:boat_one_cm":154263,"minecraft:jump":489,"minecraft:walk_on_water_one_cm":5638,"minecraft:time_since_death":31054,"minecraft:total_world_time":31054,"minecraft:climb_one_cm":4425,"minecraft:fall_one_cm":9584},"minecraft:killed":{"minecraft:skeleton":2,"minecraft:pillager":8,"minecraft:zombie":3,"minecraft:pig":2,"minecraft:vindicator":1},"minecraft:picked_up":{"chococraft:loverly_gysahl_green":5,"minecraft:crafting_table":3,"minecraft:filled_map":1,"minecraft:porkchop":3,"minecraft:oak_log":9,"chococraft:gysahl_green_seeds":12,"tombstone:grave_dust":2,"tombstone:voodoo_poppet":1,"minecraft:oak_wood":1,"minecraft:bone":4,"minecraft:arrow":5,"chococraft:gysahl_green":31,"chococraft:gold_gysahl":1,"minecraft:wheat_seeds":1,"minecraft:rose_bush":2,"minecraft:sugar_cane":2},"minecraft:used":{"minecraft:flint_and_steel":1,"minecraft:iron_axe":3,"minecraft:bread":1,"minecraft:baked_potato":3,"minecraft:oak_planks":13,"minecraft:iron_sword":64,"minecraft:wooden_sword":5,"minecraft:sweet_berries":7,"minecraft:crafting_table":3,"chococraft:gysahl_green":25},"minecraft:dropped":{"minecraft:filled_map":1,"minecraft:iron_sword":1,"minecraft:porkchop":3,"minecraft:wheat_seeds":1,"minecraft:milk_bucket":1,"minecraft:iron_chestplate":1,"minecraft:iron_leggings":2,"minecraft:oak_planks":4,"minecraft:wooden_sword":1,"minecraft:iron_boots":1,"minecraft:wooden_pickaxe":1,"tombstone:voodoo_poppet":1,"minecraft:bone":3},"minecraft:crafted":{"minecraft:wooden_sword":1,"minecraft:oak_planks":40,"minecraft:shield":1,"minecraft:iron_axe":1,"minecraft:crafting_table":1,"minecraft:stick":8,"minecraft:wooden_pickaxe":1,"minecraft:bread":14}},"DataVersion":3465}