{"stats":{"minecraft:mined":{"chococraft:gysahl_green":10,"minecraft:grass_block":3,"minecraft:dirt":4,"minecraft:birch_log":2,"minecraft:spruce_log":6,"minecraft:spruce_leaves":8,"minecraft:blue_bed":1,"minecraft:hay_block":2},"minecraft:custom":{"minecraft:time_since_rest":11385,"minecraft:open_chest":3,"minecraft:crouch_one_cm":140,"minecraft:sprint_one_cm":111799,"minecraft:play_time":17379,"minecraft:damage_taken":125,"minecraft:walk_one_cm":32898,"minecraft:sneak_time":22,"minecraft:walk_under_water_one_cm":187,"minecraft:jump":399,"minecraft:damage_dealt":0,"minecraft:leave_game":1,"minecraft:time_since_death":17379,"minecraft:walk_on_water_one_cm":3932,"minecraft:sleep_in_bed":1,"minecraft:total_world_time":17379,"minecraft:swim_one_cm":3156,"minecraft:fall_one_cm":8400,"minecraft:fly_one_cm":86627},"minecraft:picked_up":{"minecraft:birch_log":2,"minecraft:iron_chestplate":1,"minecraft:armor_stand":2,"chococraft:gysahl_green":19,"minecraft:hay_block":2,"minecraft:iron_helmet":1,"minecraft:spruce_sapling":1,"chococraft:gysahl_green_seeds":10,"minecraft:spruce_log":6,"minecraft:rabbit":1,"minecraft:blue_bed":1,"minecraft:dirt":7,"chococraft:loverly_gysahl_green":1},"minecraft:used":{"minecraft:iron_chestplate":1,"minecraft:dirt":7,"minecraft:bread":5,"minecraft:birch_log":2,"minecraft:iron_helmet":1},"minecraft:crafted":{"minecraft:spruce_planks":8}},"DataVersion":3465}