{"stats":{"minecraft:mined":{"minecraft:dark_oak_planks":14,"minecraft:dark_prismarine":1,"minecraft:oak_slab":2,"minecraft:spruce_planks":16,"travelersbackpack:sheep":1,"minecraft:spruce_trapdoor":2,"argentinas_delight:hojasdemate":25,"minecraft:spruce_fence":1,"minecraft:blast_furnace":6,"minecraft:grass_block":4,"minecraft:spruce_leaves":8,"minecraft:oak_planks":2,"minecraft:blue_bed":1,"minecraft:tall_seagrass":1,"minecraft:spawner":2,"minecraft:hay_block":38,"minecraft:spruce_stairs":3,"minecraft:cyan_wool":1,"minecraft:dark_oak_trapdoor":2,"minecraft:birch_log":2,"minecraft:fire":1,"minecraft:spruce_log":6,"argentinas_delight:ramasdematedeyerba":4,"minecraft:grass":9,"chococraft:gysahl_green":10,"argentinas_delight:basedearbolmate":1,"minecraft:cyan_carpet":2,"minecraft:dirt":4,"chococraft:straw":1,"minecraft:stripped_mangrove_wood":1,"minecraft:player_head":1},"minecraft:custom":{"minecraft:mob_kills":21,"tombstone:raider_killed":3,"minecraft:interact_with_crafting_table":3,"minecraft:open_barrel":13,"minecraft:leave_game":3,"minecraft:time_since_death":28381,"minecraft:sleep_in_bed":3,"minecraft:climb_one_cm":2516,"minecraft:time_since_rest":9668,"minecraft:sprint_one_cm":265380,"minecraft:damage_taken":2670,"minecraft:walk_one_cm":175141,"minecraft:damage_blocked_by_shield":550,"minecraft:drop":3,"minecraft:damage_dealt":6718,"minecraft:swim_one_cm":18740,"minecraft:fly_one_cm":232285,"minecraft:open_chest":14,"minecraft:crouch_one_cm":4568,"minecraft:play_time":100720,"tombstone:undead_killed":15,"minecraft:deaths":4,"minecraft:sneak_time":2739,"minecraft:walk_under_water_one_cm":7285,"minecraft:boat_one_cm":514781,"minecraft:interact_with_lectern":1,"minecraft:jump":1163,"minecraft:walk_on_water_one_cm":14543,"minecraft:total_world_time":100720,"minecraft:fall_one_cm":20634},"minecraft:killed":{"minecraft:husk":12,"minecraft:vindicator":3,"minecraft:spider":3,"minecraft:skeleton":1,"minecraft:zombie":2},"minecraft:picked_up":{"minecraft:birch_log":2,"minecraft:iron_chestplate":2,"chococraft:loverly_gysahl_green":6,"minecraft:wooden_pickaxe":1,"minecraft:filled_map":2,"minecraft:potion":1,"minecraft:wither_rose":1,"tombstone:voodoo_poppet":2,"minecraft:dark_oak_trapdoor":2,"minecraft:blue_bed":1,"minecraft:dirt":7,"travelersbackpack:sheep":2,"minecraft:wooden_sword":1,"minecraft:armor_stand":2,"minecraft:iron_leggings":2,"minecraft:cyan_carpet":3,"chococraft:gysahl_green":19,"chococraft:gold_gysahl":1,"minecraft:wheat_seeds":63,"minecraft:spruce_planks":14,"minecraft:iron_ingot":5,"minecraft:cyan_wool":1,"chococraft:straw":1,"minecraft:player_head":1,"minecraft:poppy":2,"minecraft:rabbit":1,"minecraft:sugar_cane":2,"minecraft:oak_planks":7,"minecraft:iron_sword":1,"minecraft:spruce_trapdoor":1,"minecraft:iron_boots":1,"minecraft:oak_slab":5,"minecraft:stripped_mangrove_wood":1,"minecraft:milk_bucket":1,"minecraft:spruce_stairs":2,"minecraft:spruce_fence":1,"minecraft:porkchop":3,"minecraft:spruce_sapling":1,"chococraft:gysahl_green_seeds":22,"minecraft:blast_furnace":6,"tombstone:grave_dust":1,"minecraft:spruce_log":6,"argentinas_delight:yerbamate":8,"minecraft:spider_eye":1,"minecraft:dark_oak_planks":13,"minecraft:rotten_flesh":3,"minecraft:iron_helmet":1,"minecraft:hay_block":38,"minecraft:saddle":1,"minecraft:emerald":6,"minecraft:obsidian":3,"minecraft:ender_pearl":2},"minecraft:dropped":{"minecraft:filled_map":1,"minecraft:spider_eye":1,"tombstone:voodoo_poppet":1},"minecraft:used":{"travelersbackpack:sheep":2,"minecraft:oak_planks":2,"minecraft:spruce_planks":25,"minecraft:shield":16,"minecraft:iron_sword":81,"minecraft:blue_bed":1,"minecraft:iron_chestplate":1,"minecraft:dirt":7,"minecraft:crafting_table":1,"minecraft:spruce_boat":1,"minecraft:iron_axe":70,"minecraft:bread":33,"minecraft:iron_pickaxe":10,"minecraft:iron_helmet":1,"chococraft:straw":2,"minecraft:birch_log":2,"tombstone:gift":3,"chococraft:gysahl_green":12},"minecraft:crafted":{"chococraft:straw":1,"minecraft:crafting_table":1,"minecraft:spruce_planks":44,"minecraft:bread":113,"minecraft:shield":1,"minecraft:iron_axe":1,"minecraft:stick":4,"minecraft:iron_pickaxe":1,"minecraft:spruce_boat":1,"minecraft:wheat":342}},"DataVersion":3465}