{"stats":{"minecraft:mined":{"minecraft:dark_oak_planks":14,"minecraft:dark_prismarine":1,"argentinas_delight:pavallena":1,"minecraft:spruce_planks":16,"minecraft:mangrove_wall_sign":1,"minecraft:acacia_log":10,"argentinas_delight:hojasdemate":50,"minecraft:spruce_trapdoor":2,"minecraft:grass_block":5,"minecraft:spruce_fence":1,"argentinas_delight:mateyerbaseca":1,"minecraft:spruce_leaves":8,"minecraft:kelp":2,"minecraft:spawner":2,"minecraft:hay_block":38,"minecraft:tall_seagrass":1,"minecraft:dark_oak_trapdoor":2,"minecraft:fire":1,"argentinas_delight:ramasdematedeyerba":4,"chococraft:gysahl_green":10,"argentinas_delight:basedearbolmate":1,"chococraft:straw":1,"minecraft:stripped_mangrove_wood":4,"minecraft:stone":1,"minecraft:player_head":2,"minecraft:waxed_cut_copper_stairs":4,"minecraft:waxed_cut_copper":23,"minecraft:oak_slab":2,"minecraft:acacia_leaves":6,"travelersbackpack:sheep":1,"minecraft:blast_furnace":6,"argentinas_delight:pava":1,"minecraft:copper_ore":1,"minecraft:oak_planks":2,"minecraft:blue_bed":1,"minecraft:spruce_stairs":3,"minecraft:cyan_wool":1,"minecraft:birch_log":2,"minecraft:spruce_log":6,"minecraft:waxed_copper_block":22,"minecraft:grass":12,"minecraft:coal_ore":3,"minecraft:cyan_carpet":2,"minecraft:dirt":5},"minecraft:custom":{"minecraft:mob_kills":32,"minecraft:interact_with_crafting_table":3,"minecraft:open_barrel":13,"minecraft:leave_game":3,"minecraft:time_since_death":70381,"minecraft:climb_one_cm":2516,"minecraft:sprint_one_cm":392418,"minecraft:walk_one_cm":232808,"minecraft:damage_blocked_by_shield":970,"minecraft:drop":25,"minecraft:play_time":142720,"minecraft:deaths":4,"minecraft:walk_under_water_one_cm":7285,"minecraft:sneak_time":4083,"minecraft:boat_one_cm":775912,"minecraft:interact_with_lectern":1,"minecraft:jump":1780,"minecraft:interact_with_blast_furnace":1,"minecraft:walk_on_water_one_cm":15387,"minecraft:total_world_time":142720,"tombstone:raider_killed":3,"minecraft:sleep_in_bed":4,"minecraft:time_since_rest":11055,"minecraft:damage_taken":3397,"minecraft:damage_dealt":8141,"minecraft:swim_one_cm":18740,"minecraft:fly_one_cm":392992,"minecraft:open_chest":18,"minecraft:crouch_one_cm":6889,"tombstone:undead_killed":18,"minecraft:fall_one_cm":37661,"minecraft:horse_one_cm":60903},"minecraft:killed":{"minecraft:spider":3,"minecraft:vindicator":3,"minecraft:skeleton":2,"minecraft:husk":12,"minecraft:sheep":5,"minecraft:zombie":4,"sons_of_sins:betrayed_guzzler":1,"minecraft:cow":2},"minecraft:picked_up":{"chococraft:loverly_gysahl_green":6,"minecraft:iron_chestplate":2,"minecraft:wheat":1,"minecraft:wooden_pickaxe":2,"minecraft:wither_rose":1,"minecraft:potion":1,"minecraft:dark_oak_trapdoor":2,"minecraft:raw_copper":3,"minecraft:iron_axe":1,"minecraft:wooden_sword":1,"minecraft:iron_leggings":2,"minecraft:armor_stand":2,"minecraft:cyan_carpet":3,"minecraft:spruce_planks":14,"minecraft:player_head":2,"chococraft:straw":1,"minecraft:cyan_wool":1,"minecraft:poppy":2,"minecraft:sugar_cane":2,"minecraft:spruce_trapdoor":1,"minecraft:iron_boots":1,"adorn:guide_book":1,"minecraft:stripped_mangrove_wood":3,"minecraft:copper_ingot":8,"minecraft:acacia_log":10,"minecraft:spruce_stairs":2,"minecraft:spruce_fence":1,"minecraft:porkchop":3,"tombstone:grave_dust":1,"minecraft:mangrove_sign":3,"argentinas_delight:pavallena":1,"minecraft:waxed_cut_copper_stairs":3,"minecraft:dark_oak_planks":13,"minecraft:arrow":1,"minecraft:rotten_flesh":3,"minecraft:hay_block":38,"minecraft:saddle":1,"minecraft:waxed_cut_copper":23,"minecraft:obsidian":3,"minecraft:mutton":8,"minecraft:white_wool":5,"minecraft:cobblestone":3,"minecraft:birch_log":2,"minecraft:leather":2,"minecraft:filled_map":2,"minecraft:waxed_copper_block":36,"tombstone:voodoo_poppet":2,"minecraft:dirt":9,"minecraft:blue_bed":1,"travelersbackpack:sheep":2,"chococraft:gysahl_green":22,"chococraft:gold_gysahl":1,"minecraft:wheat_seeds":63,"minecraft:iron_ingot":5,"minecraft:rabbit":1,"minecraft:glass_bottle":1,"minecraft:acacia_sapling":2,"minecraft:iron_sword":2,"minecraft:oak_planks":7,"minecraft:oak_slab":5,"minecraft:milk_bucket":1,"chococraft:gysahl_green_seeds":24,"minecraft:spruce_sapling":1,"minecraft:blast_furnace":6,"minecraft:spruce_log":6,"argentinas_delight:yerbamate":21,"argentinas_delight:mateyerbaseca":1,"minecraft:spider_eye":1,"sons_of_sins:flesh_of_demise":1,"minecraft:iron_helmet":1,"minecraft:emerald":6,"argentinas_delight:pava":2,"argentinas_delight:cuernodetoro":1,"minecraft:coal":3,"minecraft:ender_pearl":2},"minecraft:used":{"minecraft:spruce_planks":25,"minecraft:shield":18,"minecraft:iron_sword":106,"argentinas_delight:yerbamate":1,"minecraft:player_head":1,"minecraft:iron_chestplate":1,"minecraft:torch":3,"minecraft:dirt":9,"minecraft:milk_bucket":1,"minecraft:spruce_boat":1,"minecraft:waxed_cut_copper":2,"minecraft:iron_axe":90,"minecraft:iron_helmet":1,"chococraft:straw":2,"tombstone:gift":3,"travelersbackpack:sheep":2,"minecraft:oak_planks":2,"argentinas_delight:pava":3,"minecraft:blue_bed":1,"minecraft:stripped_mangrove_wood":2,"minecraft:crafting_table":1,"minecraft:blast_furnace":1,"minecraft:mangrove_sign":1,"minecraft:bread":50,"minecraft:iron_pickaxe":65,"minecraft:cobblestone":1,"argentinas_delight:matevacio":1,"minecraft:bucket":1,"minecraft:birch_log":2,"chococraft:gysahl_green":12},"minecraft:dropped":{"minecraft:enchanted_book":1,"minecraft:iron_sword":1,"minecraft:glass_bottle":1,"minecraft:iron_helmet":1,"minecraft:spruce_stairs":3,"tombstone:grave_dust":1,"minecraft:potion":1,"minecraft:iron_leggings":2,"minecraft:iron_axe":1,"tombstone:voodoo_poppet":1,"sons_of_sins:flesh_of_demise":1,"minecraft:wheat":2,"minecraft:obsidian":2,"minecraft:iron_boots":1,"minecraft:mangrove_sign":2,"minecraft:filled_map":1,"minecraft:poppy":2,"minecraft:waxed_cut_copper":21,"minecraft:iron_chestplate":1,"minecraft:acacia_sapling":2,"minecraft:spider_eye":1,"minecraft:wooden_pickaxe":2},"minecraft:crafted":{"argentinas_delight:matevacio":1,"minecraft:iron_axe":1,"minecraft:spruce_boat":1,"minecraft:wheat":342,"chococraft:straw":1,"minecraft:crafting_table":1,"minecraft:spruce_planks":44,"minecraft:copper_ingot":64,"minecraft:bread":113,"minecraft:shield":1,"minecraft:stick":16,"minecraft:iron_pickaxe":1,"argentinas_delight:pava":1,"minecraft:acacia_planks":4,"minecraft:torch":4}},"DataVersion":3465}