{"stats":{"minecraft:mined":{"minecraft:oak_slab":2,"travelersbackpack:sheep":1,"minecraft:grass_block":3,"minecraft:spruce_leaves":8,"minecraft:oak_planks":2,"minecraft:blue_bed":1,"minecraft:hay_block":38,"minecraft:spruce_stairs":1,"minecraft:birch_log":2,"minecraft:fire":1,"minecraft:spruce_log":6,"minecraft:grass":6,"chococraft:gysahl_green":10,"minecraft:dirt":4,"chococraft:straw":1,"minecraft:player_head":1},"minecraft:custom":{"minecraft:mob_kills":11,"tombstone:raider_killed":3,"minecraft:interact_with_crafting_table":3,"minecraft:open_barrel":7,"minecraft:leave_game":3,"minecraft:time_since_death":6117,"minecraft:sleep_in_bed":2,"minecraft:climb_one_cm":2488,"minecraft:time_since_rest":4690,"minecraft:sprint_one_cm":216077,"minecraft:damage_taken":1973,"minecraft:walk_one_cm":119876,"minecraft:damage_blocked_by_shield":550,"minecraft:drop":2,"minecraft:damage_dealt":3150,"minecraft:swim_one_cm":11383,"minecraft:fly_one_cm":179039,"minecraft:open_chest":11,"minecraft:crouch_one_cm":1615,"minecraft:play_time":64720,"tombstone:undead_killed":5,"minecraft:deaths":2,"minecraft:sneak_time":1027,"minecraft:walk_under_water_one_cm":5465,"minecraft:boat_one_cm":352354,"minecraft:jump":860,"minecraft:walk_on_water_one_cm":11917,"minecraft:total_world_time":64720,"minecraft:fall_one_cm":14267},"minecraft:killed":{"minecraft:husk":4,"minecraft:vindicator":3,"minecraft:spider":3,"minecraft:skeleton":1},"minecraft:picked_up":{"minecraft:birch_log":2,"minecraft:iron_chestplate":2,"chococraft:loverly_gysahl_green":6,"minecraft:wooden_pickaxe":1,"minecraft:filled_map":2,"minecraft:wither_rose":1,"tombstone:voodoo_poppet":2,"minecraft:blue_bed":1,"minecraft:dirt":7,"travelersbackpack:sheep":2,"minecraft:wooden_sword":1,"minecraft:armor_stand":2,"minecraft:iron_leggings":2,"chococraft:gysahl_green":19,"chococraft:gold_gysahl":1,"minecraft:wheat_seeds":63,"minecraft:iron_ingot":5,"chococraft:straw":1,"minecraft:player_head":1,"minecraft:poppy":2,"minecraft:rabbit":1,"minecraft:sugar_cane":2,"minecraft:oak_planks":7,"minecraft:iron_sword":1,"minecraft:iron_boots":1,"minecraft:oak_slab":5,"minecraft:milk_bucket":1,"minecraft:spruce_stairs":1,"minecraft:porkchop":3,"minecraft:spruce_sapling":1,"chococraft:gysahl_green_seeds":22,"minecraft:spruce_log":6,"minecraft:spider_eye":1,"minecraft:rotten_flesh":3,"minecraft:iron_helmet":1,"minecraft:hay_block":38,"minecraft:saddle":1,"minecraft:emerald":6,"minecraft:obsidian":3,"minecraft:ender_pearl":2},"minecraft:dropped":{"minecraft:filled_map":1,"tombstone:voodoo_poppet":1},"minecraft:used":{"travelersbackpack:sheep":2,"minecraft:oak_planks":2,"minecraft:spruce_planks":14,"minecraft:shield":16,"minecraft:iron_sword":49,"minecraft:blue_bed":1,"minecraft:iron_chestplate":1,"minecraft:dirt":7,"minecraft:crafting_table":1,"minecraft:spruce_boat":1,"minecraft:bread":27,"minecraft:iron_pickaxe":1,"minecraft:iron_helmet":1,"chococraft:straw":2,"minecraft:birch_log":2,"chococraft:gysahl_green":12},"minecraft:crafted":{"chococraft:straw":1,"minecraft:crafting_table":1,"minecraft:spruce_planks":44,"minecraft:bread":113,"minecraft:shield":1,"minecraft:stick":4,"minecraft:iron_pickaxe":1,"minecraft:spruce_boat":1,"minecraft:wheat":342}},"DataVersion":3465}