{"stats":{"minecraft:mined":{"minecraft:dark_oak_planks":14,"minecraft:dark_prismarine":1,"argentinas_delight:pavallena":2,"minecraft:spruce_planks":17,"argentinas_delight:hoguerasinlena":1,"minecraft:mangrove_wall_sign":1,"minecraft:spruce_trapdoor":2,"argentinas_delight:hojasdemate":50,"minecraft:acacia_log":40,"minecraft:grass_block":5,"minecraft:spruce_fence":1,"argentinas_delight:mateyerbaseca":3,"minecraft:spruce_leaves":8,"minecraft:kelp":2,"minecraft:spawner":2,"minecraft:hay_block":38,"argentinas_delight:corderohecho":1,"minecraft:tall_seagrass":1,"minecraft:dark_oak_trapdoor":2,"minecraft:fire":1,"argentinas_delight:mateamargo":3,"argentinas_delight:achurahechabloque":1,"argentinas_delight:ramasdematedeyerba":4,"minecraft:bell":1,"chococraft:gysahl_green":10,"argentinas_delight:basedearbolmate":1,"chococraft:straw":1,"minecraft:stone":13,"minecraft:stripped_mangrove_wood":4,"minecraft:player_head":2,"minecraft:waxed_cut_copper":23,"minecraft:waxed_cut_copper_stairs":4,"minecraft:oak_slab":2,"minecraft:acacia_leaves":7,"travelersbackpack:sheep":1,"minecraft:blast_furnace":6,"argentinas_delight:pavacaliente":1,"minecraft:melon":1,"argentinas_delight:pava":1,"minecraft:campfire":1,"minecraft:copper_ore":1,"minecraft:oak_planks":2,"minecraft:blue_bed":1,"argentinas_delight:tablasado_3click":1,"minecraft:spruce_stairs":3,"minecraft:cyan_wool":1,"minecraft:birch_log":2,"minecraft:spruce_log":6,"minecraft:waxed_copper_block":22,"minecraft:grass":27,"minecraft:coal_ore":3,"minecraft:cyan_carpet":2,"minecraft:dirt":5,"minecraft:stonecutter":2,"minecraft:oak_leaves":3},"minecraft:custom":{"minecraft:mob_kills":36,"minecraft:interact_with_crafting_table":3,"minecraft:open_barrel":13,"minecraft:interact_with_campfire":1,"minecraft:leave_game":5,"minecraft:time_since_death":141637,"minecraft:climb_one_cm":2516,"minecraft:sprint_one_cm":553383,"minecraft:walk_one_cm":335414,"minecraft:damage_blocked_by_shield":970,"minecraft:drop":56,"minecraft:play_time":213976,"minecraft:sneak_time":7160,"minecraft:deaths":4,"minecraft:walk_under_water_one_cm":7819,"minecraft:boat_one_cm":775912,"minecraft:interact_with_lectern":1,"minecraft:jump":2451,"minecraft:interact_with_blast_furnace":1,"minecraft:walk_on_water_one_cm":17718,"minecraft:total_world_time":213976,"minecraft:interact_with_furnace":4,"tombstone:raider_killed":3,"minecraft:interact_with_stonecutter":6,"minecraft:sleep_in_bed":11,"minecraft:time_since_rest":9107,"minecraft:damage_taken":3795,"minecraft:damage_dealt":8781,"minecraft:swim_one_cm":19570,"minecraft:fly_one_cm":554179,"minecraft:open_chest":18,"minecraft:crouch_one_cm":23640,"tombstone:undead_killed":19,"minecraft:fall_one_cm":52659,"minecraft:horse_one_cm":60903},"minecraft:killed":{"minecraft:spider":3,"minecraft:vindicator":3,"minecraft:skeleton":2,"argentinas_delight:ovejamuerta":3,"minecraft:husk":12,"minecraft:sheep":5,"sons_of_sins:betrayed_guzzler":1,"minecraft:zombie":5,"minecraft:cow":2},"minecraft:picked_up":{"minecraft:charcoal":2,"minecraft:iron_chestplate":2,"chococraft:loverly_gysahl_green":6,"minecraft:wheat":1,"minecraft:wooden_pickaxe":2,"argentinas_delight:tabladeasadobloque":1,"minecraft:wither_rose":1,"minecraft:potion":1,"argentinas_delight:achurasitem":2,"argentinas_delight:corderocrudo":1,"minecraft:red_bed":1,"argentinas_delight:parrilla":1,"minecraft:dark_oak_trapdoor":2,"minecraft:iron_axe":1,"minecraft:raw_copper":3,"minecraft:wooden_sword":2,"minecraft:iron_leggings":2,"minecraft:armor_stand":2,"minecraft:cyan_carpet":3,"comforts:sleeping_bag_white":1,"minecraft:spruce_planks":33,"minecraft:cyan_wool":1,"chococraft:straw":1,"minecraft:player_head":2,"minecraft:poppy":2,"minecraft:iron_pickaxe":1,"minecraft:sugar_cane":2,"argentinas_delight:mateamargoitem":4,"minecraft:spruce_trapdoor":1,"minecraft:iron_boots":1,"adorn:guide_book":1,"minecraft:stick":9,"minecraft:stripped_mangrove_wood":3,"argentinas_delight:pavacalientetool":2,"minecraft:copper_ingot":8,"minecraft:acacia_log":40,"minecraft:bowl":2,"minecraft:spruce_stairs":2,"minecraft:spruce_fence":1,"minecraft:porkchop":3,"tombstone:grave_dust":1,"minecraft:mangrove_sign":3,"argentinas_delight:pavallena":3,"minecraft:dark_oak_planks":13,"minecraft:waxed_cut_copper_stairs":3,"minecraft:orange_bed":1,"argentinas_delight:dagagauchatool":2,"minecraft:arrow":1,"minecraft:rotten_flesh":5,"argentinas_delight:carnepicadaitem":1,"argentinas_delight:nalga":1,"minecraft:hay_block":38,"minecraft:saddle":1,"argentinas_delight:tirasdechancho":3,"minecraft:waxed_cut_copper":23,"minecraft:obsidian":3,"minecraft:mutton":13,"minecraft:cobblestone":15,"minecraft:white_wool":5,"minecraft:birch_log":2,"minecraft:leather":2,"minecraft:filled_map":2,"minecraft:waxed_copper_block":36,"argentinas_delight:tablachura":1,"tombstone:voodoo_poppet":2,"minecraft:lapis_lazuli":9,"minecraft:dirt":9,"minecraft:blue_bed":1,"travelersbackpack:sheep":2,"minecraft:cooked_mutton":2,"chococraft:gysahl_green":22,"argentinas_delight:tirasdeasado":1,"chococraft:gold_gysahl":1,"minecraft:stonecutter":3,"minecraft:wheat_seeds":73,"minecraft:bell":1,"minecraft:iron_ingot":5,"minecraft:rabbit":1,"minecraft:glass_bottle":1,"minecraft:acacia_sapling":3,"argentinas_delight:tostaditas":4,"minecraft:iron_sword":2,"minecraft:oak_planks":7,"aquaculture:jellyfish":3,"minecraft:oak_slab":5,"minecraft:milk_bucket":1,"argentinas_delight:corderoitem":4,"minecraft:spruce_sapling":1,"chococraft:gysahl_green_seeds":24,"minecraft:blast_furnace":6,"minecraft:spruce_log":6,"argentinas_delight:yerbamate":35,"argentinas_delight:mateyerbaseca":4,"minecraft:spider_eye":1,"sons_of_sins:flesh_of_demise":1,"minecraft:iron_helmet":1,"minecraft:emerald":6,"argentinas_delight:pava":3,"argentinas_delight:cuernodetoro":1,"minecraft:coal":11,"minecraft:ender_pearl":2},"minecraft:used":{"argentinas_delight:chinchulinesitem":2,"minecraft:spruce_planks":38,"minecraft:shield":18,"minecraft:iron_sword":110,"argentinas_delight:mateyerbaseca":8,"minecraft:orange_bed":1,"minecraft:player_head":1,"argentinas_delight:yerbamate":5,"minecraft:iron_chestplate":1,"minecraft:torch":3,"minecraft:dirt":9,"argentinas_delight:tablachura":1,"minecraft:milk_bucket":1,"minecraft:spruce_boat":1,"argentinas_delight:costillar":1,"minecraft:waxed_cut_copper":2,"argentinas_delight:mateamargoitem":4,"minecraft:iron_axe":125,"minecraft:iron_helmet":1,"chococraft:straw":2,"argentinas_delight:pavallena":3,"minecraft:furnace":1,"tombstone:gift":3,"travelersbackpack:sheep":2,"minecraft:cooked_mutton":1,"minecraft:oak_planks":2,"argentinas_delight:pava":4,"minecraft:blue_bed":1,"minecraft:stonecutter":3,"minecraft:stripped_mangrove_wood":2,"minecraft:crafting_table":1,"minecraft:red_bed":1,"minecraft:blast_furnace":1,"minecraft:campfire":4,"argentinas_delight:pavacalientetool":14,"minecraft:mangrove_sign":1,"argentinas_delight:corderoitem":1,"minecraft:bread":56,"minecraft:iron_pickaxe":82,"argentinas_delight:tabladeasadobloque":1,"argentinas_delight:carnepicadaitem":1,"argentinas_delight:corderocrudo":1,"minecraft:cobblestone":1,"argentinas_delight:tirasdechancho":3,"argentinas_delight:matevacio":1,"minecraft:bucket":2,"minecraft:birch_log":2,"chococraft:gysahl_green":12,"argentinas_delight:dagagauchatool":27},"minecraft:dropped":{"argentinas_delight:vacio":1,"minecraft:enchanted_book":1,"argentinas_delight:dagagauchatool":2,"minecraft:iron_sword":1,"minecraft:wheat_seeds":9,"minecraft:lapis_lazuli":18,"minecraft:glass_bottle":1,"minecraft:iron_helmet":1,"minecraft:spruce_stairs":3,"argentinas_delight:corderoitem":2,"argentinas_delight:chinchulinesitem":1,"minecraft:stick":12,"minecraft:mutton":12,"minecraft:potion":1,"tombstone:grave_dust":1,"aquaculture:jellyfish":3,"minecraft:iron_leggings":2,"minecraft:wooden_sword":2,"minecraft:iron_axe":1,"minecraft:bucket":1,"tombstone:voodoo_poppet":1,"sons_of_sins:flesh_of_demise":1,"minecraft:bowl":2,"minecraft:wheat":2,"minecraft:obsidian":2,"minecraft:iron_boots":1,"argentinas_delight:tostaditas":4,"minecraft:cooked_mutton":1,"minecraft:mangrove_sign":2,"argentinas_delight:yerbamate":16,"minecraft:filled_map":1,"minecraft:poppy":2,"minecraft:waxed_cut_copper":21,"minecraft:spruce_planks":21,"minecraft:iron_chestplate":1,"minecraft:acacia_sapling":2,"minecraft:spider_eye":1,"minecraft:arrow":1,"minecraft:wooden_pickaxe":2},"minecraft:crafted":{"minecraft:furnace":1,"minecraft:stone":3,"minecraft:iron_bars":16,"argentinas_delight:matevacio":1,"minecraft:iron_axe":1,"minecraft:spruce_boat":1,"argentinas_delight:parrilla":1,"minecraft:wheat":342,"chococraft:straw":1,"minecraft:crafting_table":1,"minecraft:spruce_planks":44,"minecraft:copper_ingot":64,"minecraft:campfire":4,"minecraft:bread":113,"minecraft:air":0,"minecraft:shield":1,"minecraft:stick":24,"minecraft:iron_pickaxe":1,"argentinas_delight:pava":1,"minecraft:stonecutter":1,"minecraft:acacia_planks":4,"minecraft:torch":4}},"DataVersion":3465}