{"stats":{"minecraft:mined":{"minecraft:dark_oak_planks":14,"minecraft:dark_prismarine":1,"minecraft:oak_slab":2,"minecraft:spruce_planks":16,"travelersbackpack:sheep":1,"minecraft:spruce_trapdoor":2,"argentinas_delight:hojasdemate":50,"minecraft:spruce_fence":1,"minecraft:blast_furnace":6,"minecraft:grass_block":4,"argentinas_delight:pava":1,"minecraft:copper_ore":1,"minecraft:kelp":2,"minecraft:spruce_leaves":8,"minecraft:oak_planks":2,"minecraft:blue_bed":1,"minecraft:tall_seagrass":1,"minecraft:spawner":2,"minecraft:hay_block":38,"minecraft:spruce_stairs":3,"minecraft:cyan_wool":1,"minecraft:dark_oak_trapdoor":2,"minecraft:birch_log":2,"minecraft:fire":1,"minecraft:spruce_log":6,"argentinas_delight:ramasdematedeyerba":4,"minecraft:grass":11,"chococraft:gysahl_green":10,"minecraft:coal_ore":2,"argentinas_delight:basedearbolmate":1,"minecraft:cyan_carpet":2,"minecraft:dirt":4,"chococraft:straw":1,"minecraft:stripped_mangrove_wood":1,"minecraft:player_head":2},"minecraft:custom":{"minecraft:mob_kills":30,"tombstone:raider_killed":3,"minecraft:interact_with_crafting_table":3,"minecraft:open_barrel":13,"minecraft:leave_game":3,"minecraft:time_since_death":52381,"minecraft:sleep_in_bed":3,"minecraft:climb_one_cm":2516,"minecraft:time_since_rest":33668,"minecraft:sprint_one_cm":343254,"minecraft:damage_taken":3065,"minecraft:walk_one_cm":206910,"minecraft:damage_blocked_by_shield":970,"minecraft:drop":13,"minecraft:damage_dealt":7961,"minecraft:swim_one_cm":18740,"minecraft:fly_one_cm":323406,"minecraft:open_chest":15,"minecraft:crouch_one_cm":4726,"minecraft:play_time":124720,"tombstone:undead_killed":17,"minecraft:deaths":4,"minecraft:sneak_time":2870,"minecraft:walk_under_water_one_cm":7285,"minecraft:boat_one_cm":775912,"minecraft:interact_with_lectern":1,"minecraft:jump":1509,"minecraft:interact_with_blast_furnace":1,"minecraft:walk_on_water_one_cm":14723,"minecraft:total_world_time":124720,"minecraft:fall_one_cm":31300,"minecraft:horse_one_cm":60903},"minecraft:killed":{"minecraft:husk":12,"minecraft:vindicator":3,"minecraft:spider":3,"minecraft:sheep":4,"minecraft:skeleton":1,"sons_of_sins:betrayed_guzzler":1,"minecraft:zombie":4,"minecraft:cow":2},"minecraft:picked_up":{"minecraft:birch_log":2,"minecraft:iron_chestplate":2,"chococraft:loverly_gysahl_green":6,"minecraft:wooden_pickaxe":1,"minecraft:filled_map":2,"minecraft:potion":1,"minecraft:wither_rose":1,"minecraft:raw_copper":3,"tombstone:voodoo_poppet":2,"minecraft:iron_axe":1,"minecraft:dark_oak_trapdoor":2,"minecraft:blue_bed":1,"minecraft:dirt":7,"travelersbackpack:sheep":2,"minecraft:wooden_sword":1,"minecraft:armor_stand":2,"minecraft:iron_leggings":2,"minecraft:cyan_carpet":3,"chococraft:gysahl_green":22,"chococraft:gold_gysahl":1,"minecraft:wheat_seeds":63,"minecraft:spruce_planks":14,"minecraft:iron_ingot":5,"minecraft:cyan_wool":1,"chococraft:straw":1,"minecraft:player_head":2,"minecraft:glass_bottle":1,"minecraft:poppy":2,"minecraft:rabbit":1,"adorn:guide_book":1,"minecraft:sugar_cane":2,"minecraft:oak_planks":7,"minecraft:iron_sword":2,"minecraft:spruce_trapdoor":1,"minecraft:iron_boots":1,"minecraft:oak_slab":5,"minecraft:stripped_mangrove_wood":1,"minecraft:milk_bucket":1,"minecraft:spruce_stairs":2,"minecraft:spruce_fence":1,"minecraft:porkchop":3,"minecraft:spruce_sapling":1,"chococraft:gysahl_green_seeds":24,"minecraft:blast_furnace":6,"tombstone:grave_dust":1,"minecraft:spruce_log":6,"argentinas_delight:yerbamate":12,"minecraft:spider_eye":1,"sons_of_sins:flesh_of_demise":1,"minecraft:dark_oak_planks":13,"minecraft:rotten_flesh":3,"minecraft:iron_helmet":1,"minecraft:hay_block":38,"minecraft:saddle":1,"minecraft:emerald":6,"argentinas_delight:pava":2,"minecraft:coal":2,"minecraft:mutton":6,"minecraft:obsidian":3,"minecraft:white_wool":4,"minecraft:ender_pearl":2},"minecraft:dropped":{"minecraft:iron_sword":1,"minecraft:glass_bottle":1,"minecraft:iron_boots":1,"minecraft:filled_map":1,"minecraft:iron_chestplate":1,"minecraft:iron_leggings":2,"tombstone:grave_dust":1,"minecraft:potion":1,"minecraft:spider_eye":1,"minecraft:iron_axe":1,"tombstone:voodoo_poppet":1,"sons_of_sins:flesh_of_demise":1},"minecraft:used":{"travelersbackpack:sheep":2,"minecraft:oak_planks":2,"minecraft:spruce_planks":25,"minecraft:shield":18,"minecraft:iron_sword":103,"argentinas_delight:pava":2,"minecraft:player_head":1,"minecraft:blue_bed":1,"minecraft:iron_chestplate":1,"minecraft:dirt":7,"minecraft:crafting_table":1,"minecraft:blast_furnace":1,"minecraft:spruce_boat":1,"minecraft:iron_axe":70,"minecraft:bread":42,"minecraft:iron_pickaxe":14,"minecraft:iron_helmet":1,"chococraft:straw":2,"minecraft:birch_log":2,"tombstone:gift":3,"chococraft:gysahl_green":12},"minecraft:crafted":{"chococraft:straw":1,"minecraft:crafting_table":1,"minecraft:spruce_planks":44,"minecraft:bread":113,"minecraft:shield":1,"minecraft:iron_axe":1,"minecraft:stick":8,"argentinas_delight:pava":1,"minecraft:iron_pickaxe":1,"minecraft:spruce_boat":1,"minecraft:wheat":342}},"DataVersion":3465}