{"stats":{"minecraft:mined":{"minecraft:oak_slab":2,"travelersbackpack:sheep":1,"minecraft:grass_block":3,"minecraft:spruce_leaves":8,"minecraft:oak_planks":2,"minecraft:blue_bed":1,"minecraft:spruce_stairs":1,"minecraft:hay_block":2,"minecraft:birch_log":2,"minecraft:fire":1,"minecraft:spruce_log":6,"minecraft:grass":2,"chococraft:gysahl_green":10,"minecraft:dirt":4},"minecraft:custom":{"minecraft:mob_kills":7,"tombstone:raider_killed":3,"minecraft:interact_with_crafting_table":3,"minecraft:open_barrel":5,"minecraft:leave_game":1,"minecraft:time_since_death":41379,"minecraft:sleep_in_bed":1,"minecraft:climb_one_cm":2488,"minecraft:time_since_rest":35385,"minecraft:sprint_one_cm":170426,"minecraft:damage_taken":815,"minecraft:walk_one_cm":69631,"minecraft:damage_blocked_by_shield":240,"minecraft:drop":2,"minecraft:damage_dealt":1597,"minecraft:swim_one_cm":11383,"minecraft:fly_one_cm":128650,"minecraft:open_chest":11,"minecraft:crouch_one_cm":908,"minecraft:play_time":41379,"tombstone:undead_killed":1,"minecraft:sneak_time":504,"minecraft:walk_under_water_one_cm":5298,"minecraft:boat_one_cm":251618,"minecraft:jump":636,"minecraft:walk_on_water_one_cm":11580,"minecraft:total_world_time":41379,"minecraft:fall_one_cm":11794},"minecraft:killed":{"minecraft:spider":3,"minecraft:vindicator":3,"minecraft:skeleton":1},"minecraft:picked_up":{"minecraft:birch_log":2,"minecraft:iron_chestplate":2,"chococraft:loverly_gysahl_green":1,"minecraft:wooden_pickaxe":1,"minecraft:filled_map":1,"tombstone:voodoo_poppet":1,"minecraft:blue_bed":1,"minecraft:dirt":7,"travelersbackpack:sheep":2,"minecraft:wooden_sword":1,"minecraft:iron_leggings":2,"minecraft:armor_stand":2,"chococraft:gysahl_green":19,"minecraft:wheat_seeds":1,"minecraft:iron_ingot":5,"minecraft:poppy":2,"minecraft:rabbit":1,"minecraft:oak_planks":7,"minecraft:iron_sword":1,"minecraft:iron_boots":1,"minecraft:oak_slab":5,"minecraft:milk_bucket":1,"minecraft:spruce_stairs":1,"minecraft:porkchop":3,"minecraft:spruce_sapling":1,"chococraft:gysahl_green_seeds":10,"minecraft:spruce_log":6,"minecraft:spider_eye":1,"minecraft:hay_block":2,"minecraft:iron_helmet":1},"minecraft:dropped":{"minecraft:filled_map":1,"tombstone:voodoo_poppet":1},"minecraft:used":{"travelersbackpack:sheep":2,"minecraft:oak_planks":2,"minecraft:spruce_planks":14,"minecraft:shield":9,"minecraft:iron_sword":34,"minecraft:blue_bed":1,"minecraft:iron_chestplate":1,"minecraft:dirt":7,"minecraft:crafting_table":1,"minecraft:spruce_boat":1,"minecraft:bread":15,"minecraft:iron_helmet":1,"minecraft:birch_log":2,"chococraft:gysahl_green":12},"minecraft:crafted":{"minecraft:crafting_table":1,"minecraft:spruce_planks":44,"minecraft:bread":6,"minecraft:shield":1,"minecraft:spruce_boat":1,"minecraft:wheat":18}},"DataVersion":3465}