{"stats":{"minecraft:mined":{"minecraft:hay_block":2,"minecraft:birch_log":2,"travelersbackpack:sheep":1,"minecraft:spruce_log":6,"minecraft:grass":2,"chococraft:gysahl_green":10,"minecraft:grass_block":3,"minecraft:dirt":4,"minecraft:spruce_leaves":8,"minecraft:oak_planks":1,"minecraft:blue_bed":1},"minecraft:custom":{"minecraft:time_since_rest":23385,"minecraft:sprint_one_cm":168081,"minecraft:damage_taken":593,"minecraft:walk_one_cm":55792,"minecraft:mob_kills":4,"minecraft:drop":1,"minecraft:damage_dealt":744,"minecraft:interact_with_crafting_table":1,"minecraft:swim_one_cm":6058,"minecraft:fly_one_cm":125263,"minecraft:open_chest":7,"minecraft:crouch_one_cm":317,"minecraft:play_time":29379,"tombstone:undead_killed":1,"minecraft:sneak_time":336,"minecraft:walk_under_water_one_cm":581,"minecraft:boat_one_cm":66669,"minecraft:jump":593,"minecraft:leave_game":1,"minecraft:walk_on_water_one_cm":6424,"minecraft:time_since_death":29379,"minecraft:climb_one_cm":16,"minecraft:sleep_in_bed":1,"minecraft:total_world_time":29379,"minecraft:fall_one_cm":11001},"minecraft:killed":{"minecraft:skeleton":1,"minecraft:spider":3},"minecraft:picked_up":{"minecraft:birch_log":2,"chococraft:loverly_gysahl_green":1,"minecraft:iron_chestplate":1,"minecraft:wooden_pickaxe":1,"minecraft:filled_map":1,"chococraft:gysahl_green_seeds":10,"minecraft:spruce_sapling":1,"minecraft:spruce_log":6,"minecraft:spider_eye":1,"minecraft:dirt":7,"minecraft:blue_bed":1,"travelersbackpack:sheep":2,"minecraft:wooden_sword":1,"minecraft:armor_stand":2,"chococraft:gysahl_green":19,"minecraft:iron_helmet":1,"minecraft:hay_block":2,"minecraft:iron_ingot":5,"minecraft:poppy":2,"minecraft:rabbit":1,"minecraft:iron_sword":1,"minecraft:oak_planks":1,"minecraft:iron_boots":1},"minecraft:used":{"travelersbackpack:sheep":2,"minecraft:bread":15,"minecraft:iron_helmet":1,"minecraft:spruce_planks":14,"minecraft:iron_sword":19,"minecraft:blue_bed":1,"minecraft:iron_chestplate":1,"minecraft:dirt":7,"minecraft:crafting_table":1,"minecraft:birch_log":2,"minecraft:spruce_boat":1},"minecraft:dropped":{"minecraft:filled_map":1},"minecraft:crafted":{"minecraft:crafting_table":1,"minecraft:spruce_planks":24,"minecraft:spruce_boat":1}},"DataVersion":3465}