{"stats":{"minecraft:mined":{"minecraft:birch_log":2},"minecraft:custom":{"minecraft:jump":171,"minecraft:damage_taken":65,"minecraft:leave_game":1,"minecraft:play_time":5379,"minecraft:sprint_one_cm":44046,"minecraft:walk_on_water_one_cm":2320,"minecraft:time_since_death":5379,"minecraft:walk_one_cm":6226,"minecraft:total_world_time":5379,"minecraft:walk_under_water_one_cm":120,"minecraft:swim_one_cm":2694,"minecraft:fall_one_cm":3572,"minecraft:fly_one_cm":43168,"minecraft:time_since_rest":5379},"minecraft:picked_up":{"minecraft:birch_log":2},"minecraft:used":{"minecraft:birch_log":2}},"DataVersion":3465}