{"stats":{"minecraft:mined":{"minecraft:wheat":1,"argentinas_delight:mateamargo":1,"minecraft:crafting_table":1,"minecraft:torch":1,"minecraft:grass":20,"minecraft:melon":7,"chococraft:gysahl_green":42,"minecraft:grass_block":2,"minecraft:dead_bush":2,"minecraft:sand":3,"travelersbackpack:gold":1,"minecraft:oak_planks":1,"minecraft:oak_leaves":5,"minecraft:fern":7},"minecraft:custom":{"minecraft:time_since_rest":39468,"minecraft:sprint_one_cm":144150,"minecraft:damage_taken":1214,"minecraft:walk_one_cm":39671,"minecraft:mob_kills":3,"minecraft:drop":11,"minecraft:damage_dealt":582,"minecraft:swim_one_cm":113290,"minecraft:interact_with_crafting_table":5,"minecraft:fly_one_cm":251347,"minecraft:crouch_one_cm":1707,"minecraft:play_time":48179,"tombstone:undead_killed":1,"minecraft:deaths":1,"minecraft:sneak_time":1950,"minecraft:walk_under_water_one_cm":14523,"minecraft:jump":1137,"minecraft:walk_on_water_one_cm":18051,"minecraft:time_since_death":40432,"minecraft:total_world_time":48179,"minecraft:climb_one_cm":4602,"minecraft:fall_one_cm":34035},"minecraft:killed":{"argentinas_delight:chanchomuerto":1,"minecraft:zombie":1,"aquaculture:gar":1},"minecraft:picked_up":{"minecraft:stick":9,"minecraft:crafting_table":2,"chococraft:loverly_gysahl_green":4,"minecraft:stripped_mangrove_wood":3,"aquaculture:gar":1,"minecraft:leather":2,"minecraft:torch":2,"minecraft:sand":13,"minecraft:porkchop":1,"chococraft:gysahl_green_seeds":34,"argentinas_delight:mateyerbaseca":1,"minecraft:dirt":2,"minecraft:rotten_flesh":1,"chococraft:gysahl_green":77,"minecraft:wheat_seeds":1,"minecraft:iron_ingot":72,"minecraft:melon_slice":24,"travelersbackpack:gold":2,"argentinas_delight:cuernodetoro":1,"argentinas_delight:tostaditas":4,"argentinas_delight:mateamargoitem":1,"minecraft:oak_planks":5},"minecraft:used":{"travelersbackpack:gold":5,"minecraft:oak_planks":1,"minecraft:iron_axe":15,"argentinas_delight:mateamargoitem":1,"minecraft:iron_pickaxe":3,"minecraft:iron_sword":13,"argentinas_delight:mateyerbaseca":2,"minecraft:torch":1,"minecraft:sand":3,"minecraft:dirt":2,"minecraft:crafting_table":2,"minecraft:porkchop":1,"tombstone:gift":1,"chococraft:gysahl_green":72},"minecraft:dropped":{"chococraft:loverly_gysahl_green":3,"minecraft:wheat_seeds":1,"tombstone:grave_key":1,"tombstone:grave_dust":1,"minecraft:rotten_flesh":1,"chococraft:gysahl_green_seeds":29},"minecraft:crafted":{"minecraft:iron_boots":1,"minecraft:iron_chestplate":1,"minecraft:shield":1,"minecraft:iron_axe":1,"minecraft:iron_pickaxe":1,"minecraft:iron_helmet":1,"minecraft:iron_sword":1,"minecraft:iron_leggings":1,"minecraft:bucket":1,"minecraft:mangrove_planks":12,"minecraft:shears":1}},"DataVersion":3465}