{"stats":{"minecraft:mined":{"minecraft:wheat":1,"argentinas_delight:mateamargo":1,"minecraft:grass":18,"chococraft:gysahl_green":42,"minecraft:grass_block":2,"minecraft:dead_bush":1,"travelersbackpack:gold":1,"minecraft:oak_leaves":5,"minecraft:fern":6},"minecraft:custom":{"minecraft:time_since_rest":27468,"minecraft:sprint_one_cm":118800,"minecraft:damage_taken":1068,"minecraft:walk_one_cm":26864,"minecraft:mob_kills":2,"minecraft:drop":11,"minecraft:damage_dealt":262,"minecraft:swim_one_cm":104908,"minecraft:interact_with_crafting_table":4,"minecraft:fly_one_cm":187622,"minecraft:crouch_one_cm":656,"minecraft:play_time":36179,"minecraft:deaths":1,"minecraft:sneak_time":502,"minecraft:walk_under_water_one_cm":13772,"minecraft:jump":863,"minecraft:walk_on_water_one_cm":16960,"minecraft:time_since_death":28432,"minecraft:total_world_time":36179,"minecraft:climb_one_cm":3703,"minecraft:fall_one_cm":26409},"minecraft:killed":{"argentinas_delight:chanchomuerto":1,"aquaculture:gar":1},"minecraft:picked_up":{"minecraft:stick":8,"minecraft:crafting_table":1,"chococraft:loverly_gysahl_green":4,"minecraft:stripped_mangrove_wood":3,"aquaculture:gar":1,"minecraft:torch":1,"minecraft:porkchop":1,"chococraft:gysahl_green_seeds":34,"argentinas_delight:mateyerbaseca":1,"minecraft:dirt":2,"minecraft:rotten_flesh":1,"chococraft:gysahl_green":77,"minecraft:wheat_seeds":1,"minecraft:iron_ingot":72,"travelersbackpack:gold":2,"argentinas_delight:cuernodetoro":1,"argentinas_delight:tostaditas":4,"argentinas_delight:mateamargoitem":1,"minecraft:oak_planks":4},"minecraft:used":{"travelersbackpack:gold":5,"argentinas_delight:mateamargoitem":1,"argentinas_delight:mateyerbaseca":2,"minecraft:dirt":2,"minecraft:crafting_table":1,"minecraft:porkchop":1,"tombstone:gift":1,"chococraft:gysahl_green":42},"minecraft:dropped":{"chococraft:loverly_gysahl_green":3,"minecraft:wheat_seeds":1,"tombstone:grave_key":1,"tombstone:grave_dust":1,"minecraft:rotten_flesh":1,"chococraft:gysahl_green_seeds":29},"minecraft:crafted":{"minecraft:iron_boots":1,"minecraft:iron_chestplate":1,"minecraft:shield":1,"minecraft:iron_axe":1,"minecraft:iron_pickaxe":1,"minecraft:iron_helmet":1,"minecraft:iron_sword":1,"minecraft:iron_leggings":1,"minecraft:mangrove_planks":12}},"DataVersion":3465}