{"stats":{"minecraft:mined":{"minecraft:grass":6,"minecraft:grass_block":2,"chococraft:gysahl_green":29,"minecraft:dead_bush":1,"minecraft:wheat":1,"argentinas_delight:mateamargo":1,"minecraft:oak_leaves":4},"minecraft:custom":{"minecraft:time_since_rest":15468,"minecraft:crouch_one_cm":293,"minecraft:play_time":24179,"minecraft:sprint_one_cm":76218,"minecraft:walk_one_cm":16633,"minecraft:damage_taken":698,"minecraft:deaths":1,"minecraft:sneak_time":214,"minecraft:walk_under_water_one_cm":13772,"minecraft:mob_kills":1,"minecraft:drop":5,"minecraft:jump":557,"minecraft:damage_dealt":78,"minecraft:time_since_death":16432,"minecraft:walk_on_water_one_cm":15601,"minecraft:climb_one_cm":2045,"minecraft:total_world_time":24179,"minecraft:swim_one_cm":104908,"minecraft:fall_one_cm":17022,"minecraft:fly_one_cm":118968},"minecraft:killed":{"aquaculture:gar":1},"minecraft:picked_up":{"aquaculture:gar":1,"chococraft:loverly_gysahl_green":3,"chococraft:gysahl_green":52,"minecraft:iron_ingot":48,"chococraft:gysahl_green_seeds":23,"argentinas_delight:tostaditas":4,"argentinas_delight:mateamargoitem":1,"argentinas_delight:mateyerbaseca":1,"minecraft:dirt":2},"minecraft:used":{"minecraft:dirt":2,"argentinas_delight:mateamargoitem":1,"tombstone:gift":1,"chococraft:gysahl_green":29,"argentinas_delight:mateyerbaseca":2},"minecraft:dropped":{"tombstone:grave_dust":1,"chococraft:gysahl_green_seeds":15,"chococraft:loverly_gysahl_green":2,"tombstone:grave_key":1}},"DataVersion":3465}