{"stats":{"minecraft:mined":{"minecraft:red_wool":39,"minecraft:crafting_table":2,"minecraft:torch":1,"minecraft:dark_oak_fence":6,"minecraft:grass_block":2,"minecraft:melon":7,"minecraft:dead_bush":2,"minecraft:tall_grass":1,"minecraft:oak_planks":1,"argentinas_delight:mateamargo":1,"minecraft:wheat":1,"minecraft:grass":22,"chococraft:gysahl_green":42,"minecraft:gravel":1,"minecraft:sand":3,"travelersbackpack:gold":1,"minecraft:white_wool":37,"minecraft:oak_leaves":5,"minecraft:fern":7},"minecraft:custom":{"minecraft:mob_kills":11,"tombstone:raider_killed":2,"minecraft:interact_with_crafting_table":5,"minecraft:time_since_death":52432,"minecraft:climb_one_cm":4602,"minecraft:time_since_rest":51468,"minecraft:sprint_one_cm":183821,"minecraft:damage_taken":1880,"minecraft:walk_one_cm":62472,"minecraft:damage_blocked_by_shield":60,"minecraft:drop":24,"minecraft:damage_dealt":1940,"minecraft:swim_one_cm":117818,"minecraft:fly_one_cm":309058,"minecraft:open_chest":3,"minecraft:crouch_one_cm":5623,"minecraft:play_time":60179,"tombstone:undead_killed":4,"minecraft:deaths":1,"minecraft:sneak_time":3219,"minecraft:walk_under_water_one_cm":15711,"minecraft:jump":1364,"minecraft:walk_on_water_one_cm":20222,"minecraft:total_world_time":60179,"minecraft:fall_one_cm":40922},"minecraft:killed":{"argentinas_delight:chanchomuerto":1,"aquaculture:gar":1,"minecraft:pillager":2,"minecraft:zombie":4,"orcz:orcsavage_2sword":1,"orcz:snot":2},"minecraft:picked_up":{"chococraft:loverly_gysahl_green":4,"minecraft:crafting_table":3,"orcz:orcteeth":3,"minecraft:leather":2,"minecraft:flint":1,"minecraft:dirt":2,"minecraft:red_carpet":3,"chococraft:gysahl_green":77,"minecraft:wheat_seeds":2,"minecraft:iron_ingot":72,"minecraft:white_tulip":3,"argentinas_delight:tostaditas":4,"travelersbackpack:gold":2,"minecraft:melon_slice":24,"argentinas_delight:mateamargoitem":1,"minecraft:oak_planks":5,"adorn:guide_book":1,"minecraft:stick":9,"aquaculture:gar":1,"minecraft:stripped_mangrove_wood":3,"orcz:orcagaric":2,"minecraft:red_wool":22,"minecraft:torch":2,"minecraft:porkchop":1,"minecraft:sand":15,"chococraft:gysahl_green_seeds":34,"minecraft:carrot":1,"argentinas_delight:mateyerbaseca":1,"minecraft:rotten_flesh":1,"orcz:orcshroom":1,"argentinas_delight:cuernodetoro":1,"minecraft:dark_oak_fence":3,"minecraft:white_wool":19},"minecraft:used":{"minecraft:water_bucket":1,"minecraft:flint_and_steel":5,"minecraft:oak_planks":1,"minecraft:shield":1,"minecraft:iron_sword":45,"argentinas_delight:mateyerbaseca":2,"minecraft:torch":1,"minecraft:dirt":2,"minecraft:sand":12,"minecraft:crafting_table":2,"minecraft:shears":76,"argentinas_delight:tostaditas":4,"minecraft:melon_slice":4,"travelersbackpack:gold":8,"argentinas_delight:mateamargoitem":1,"minecraft:iron_axe":23,"minecraft:iron_pickaxe":3,"adorn:guide_book":1,"minecraft:porkchop":1,"minecraft:bucket":2,"tombstone:gift":1,"chococraft:gysahl_green":72},"minecraft:dropped":{"minecraft:white_tulip":3,"minecraft:wheat_seeds":2,"chococraft:loverly_gysahl_green":3,"minecraft:experience_bottle":1,"minecraft:rotten_flesh":1,"orcz:orcagaric":2,"minecraft:leather":2,"chococraft:gysahl_green_seeds":29,"orcz:orcshroom":1,"minecraft:red_carpet":3,"minecraft:stick":4,"minecraft:torch":1,"minecraft:dark_oak_fence":3,"orcz:orcteeth":3,"tombstone:grave_key":1,"tombstone:grave_dust":1,"minecraft:sand":3,"adorn:guide_book":1},"minecraft:crafted":{"minecraft:iron_helmet":1,"minecraft:iron_sword":1,"minecraft:mangrove_planks":12,"minecraft:bucket":1,"minecraft:flint_and_steel":1,"minecraft:iron_chestplate":1,"minecraft:iron_boots":1,"minecraft:shield":1,"minecraft:iron_axe":1,"minecraft:iron_pickaxe":1,"minecraft:iron_leggings":1,"minecraft:shears":1}},"DataVersion":3465}