{"stats":{"minecraft:mined":{"minecraft:grass_block":2,"chococraft:gysahl_green":8,"minecraft:oak_leaves":4},"minecraft:custom":{"minecraft:time_since_rest":3468,"minecraft:play_time":12179,"minecraft:sprint_one_cm":42345,"minecraft:walk_one_cm":7008,"minecraft:damage_taken":480,"minecraft:deaths":1,"minecraft:sneak_time":34,"minecraft:walk_under_water_one_cm":12343,"minecraft:mob_kills":1,"minecraft:drop":3,"minecraft:jump":279,"minecraft:damage_dealt":40,"minecraft:time_since_death":4432,"minecraft:walk_on_water_one_cm":8950,"minecraft:total_world_time":12179,"minecraft:swim_one_cm":77491,"minecraft:fall_one_cm":9697,"minecraft:fly_one_cm":51882},"minecraft:killed":{"aquaculture:gar":1},"minecraft:picked_up":{"aquaculture:gar":1,"chococraft:loverly_gysahl_green":1,"chococraft:gysahl_green":19,"chococraft:gysahl_green_seeds":8,"minecraft:dirt":2},"minecraft:used":{"minecraft:dirt":2,"tombstone:gift":1,"chococraft:gysahl_green":10},"minecraft:dropped":{"tombstone:grave_dust":1,"chococraft:gysahl_green_seeds":3,"tombstone:grave_key":1}},"DataVersion":3465}