{"stats":{"minecraft:mined":{"minecraft:dark_oak_planks":2,"orcz:orcamanita":1,"minecraft:red_bed":1,"minecraft:dark_oak_leaves":11,"minecraft:dark_oak_log":4,"minecraft:crafting_table":1,"argentinas_delight:hojasdemate":50,"minecraft:grass_block":18,"minecraft:melon":13,"argentinas_delight:mateyerbaseca":1,"minecraft:purple_bed":2,"minecraft:fire":11,"argentinas_delight:mateamargo":1,"minecraft:birch_leaves":1,"argentinas_delight:ramasdematedeyerba":4,"minecraft:grass":19,"chococraft:gysahl_green":26,"argentinas_delight:basedearbolmate":1,"minecraft:dirt":10,"minecraft:stripped_mangrove_wood":7,"minecraft:oak_leaves":1},"minecraft:custom":{"minecraft:interact_with_furnace":1,"minecraft:mob_kills":13,"minecraft:interact_with_cartography_table":1,"minecraft:interact_with_crafting_table":1,"minecraft:open_barrel":11,"minecraft:leave_game":1,"minecraft:time_since_death":69865,"minecraft:sleep_in_bed":2,"minecraft:climb_one_cm":1084,"minecraft:time_since_rest":7717,"minecraft:sprint_one_cm":236789,"minecraft:damage_taken":725,"minecraft:walk_one_cm":259934,"minecraft:drop":14,"minecraft:damage_dealt":1700,"minecraft:swim_one_cm":4562,"minecraft:fly_one_cm":253011,"minecraft:open_chest":7,"minecraft:crouch_one_cm":1394,"minecraft:play_time":69865,"tombstone:undead_killed":1,"minecraft:sneak_time":1092,"minecraft:walk_under_water_one_cm":3106,"minecraft:boat_one_cm":195926,"minecraft:interact_with_lectern":1,"minecraft:jump":1141,"minecraft:interact_with_blast_furnace":2,"minecraft:walk_on_water_one_cm":8768,"minecraft:total_world_time":69865,"minecraft:fall_one_cm":33313},"minecraft:killed":{"minecraft:zombie_villager":1,"minecraft:sheep":6,"minecraft:cow":5,"chococraft:chocobo":1},"minecraft:picked_up":{"chococraft:loverly_gysahl_green":7,"minecraft:iron_chestplate":1,"minecraft:crafting_table":1,"minecraft:leather_chestplate":1,"minecraft:leather":8,"minecraft:potion":1,"minecraft:acacia_boat":3,"minecraft:dirt":28,"minecraft:wooden_sword":1,"minecraft:iron_leggings":2,"minecraft:leather_boots":1,"chococraft:chocobo_feather":2,"chococraft:gysahl_green":70,"chococraft:gold_gysahl":1,"minecraft:wheat_seeds":5,"minecraft:spruce_planks":1,"minecraft:beef":16,"minecraft:poppy":4,"minecraft:iron_pickaxe":1,"minecraft:melon_slice":63,"argentinas_delight:mateamargoitem":1,"minecraft:iron_sword":2,"minecraft:acacia_sapling":1,"minecraft:iron_boots":1,"aquaculture:jellyfish":5,"minecraft:stick":10,"minecraft:stripped_mangrove_wood":7,"orcz:orcamanita":1,"chococraft:gysahl_green_seeds":26,"minecraft:spruce_log":2,"argentinas_delight:yerbamate":9,"minecraft:dark_oak_log":4,"minecraft:leather_helmet":1,"minecraft:dark_oak_planks":2,"minecraft:painting":1,"minecraft:emerald":7,"chococraft:chocobo_drumstick_raw":1,"argentinas_delight:cuernodetoro":3,"minecraft:mutton":9,"minecraft:white_wool":6},"minecraft:dropped":{"minecraft:iron_sword":1,"minecraft:glass_bottle":1,"argentinas_delight:yerbamate":9,"argentinas_delight:cuernodetoro":1,"minecraft:leather_chestplate":1,"minecraft:poppy":2,"minecraft:leather_boots":1,"aquaculture:jellyfish":5,"minecraft:wooden_sword":1},"minecraft:used":{"minecraft:acacia_boat":3,"minecraft:poppy":2,"minecraft:spruce_planks":1,"minecraft:iron_sword":23,"argentinas_delight:mateyerbaseca":1,"minecraft:stripped_mangrove_wood":1,"minecraft:dirt":19,"minecraft:crafting_table":1,"minecraft:mushroom_stew":2,"minecraft:acacia_sapling":1,"minecraft:painting":1,"orcz:orcamanita":1,"minecraft:dark_oak_planks":3,"rechiseled:dark_oak_planks_wavy":1,"argentinas_delight:mateamargoitem":1,"minecraft:melon_slice":1,"minecraft:bread":4,"adorn:guide_book":1,"minecraft:wooden_sword":22,"minecraft:potion":1,"chococraft:gysahl_green":52},"minecraft:crafted":{"minecraft:wooden_sword":1,"minecraft:crafting_table":1,"rechiseled:chisel":1,"minecraft:stick":4,"minecraft:dark_oak_planks":16}},"DataVersion":3465}