{"stats":{"minecraft:mined":{"minecraft:dark_oak_planks":3,"argentinas_delight:pavallena":1,"minecraft:spruce_planks":2,"orcz:orcamanita":1,"minecraft:dark_oak_leaves":11,"minecraft:jungle_leaves":11,"minecraft:dark_oak_log":4,"argentinas_delight:hojasdemate":50,"minecraft:grass_block":19,"argentinas_delight:mateyerbaseca":1,"minecraft:mangrove_propagule":1,"minecraft:fire":13,"argentinas_delight:mateamargo":7,"argentinas_delight:ramasdematedeyerba":4,"chococraft:gysahl_green":26,"argentinas_delight:basedearbolmate":1,"minecraft:stripped_mangrove_wood":7,"minecraft:stone":21,"minecraft:orange_bed":1,"minecraft:glass_pane":1,"minecraft:red_bed":1,"minecraft:crafting_table":1,"argentinas_delight:pavacaliente":1,"minecraft:melon":13,"minecraft:poppy":2,"minecraft:chest":2,"argentinas_delight:pava":4,"minecraft:tall_grass":3,"minecraft:purple_bed":2,"minecraft:birch_leaves":1,"minecraft:grass":21,"minecraft:sand":24,"minecraft:dirt":10,"minecraft:oak_leaves":2},"minecraft:custom":{"minecraft:mob_kills":19,"minecraft:interact_with_crafting_table":9,"minecraft:open_barrel":11,"minecraft:leave_game":1,"minecraft:time_since_death":66791,"minecraft:climb_one_cm":4617,"minecraft:sprint_one_cm":427164,"minecraft:walk_one_cm":439839,"minecraft:drop":50,"minecraft:talked_to_villager":1,"minecraft:play_time":141865,"minecraft:deaths":2,"minecraft:sneak_time":2198,"minecraft:walk_under_water_one_cm":3339,"minecraft:boat_one_cm":234761,"minecraft:interact_with_lectern":1,"minecraft:jump":2196,"minecraft:interact_with_blast_furnace":2,"minecraft:walk_on_water_one_cm":9868,"minecraft:total_world_time":141865,"minecraft:interact_with_furnace":8,"minecraft:interact_with_cartography_table":1,"minecraft:sleep_in_bed":7,"minecraft:time_since_rest":21107,"minecraft:damage_taken":1720,"minecraft:damage_dealt":3879,"minecraft:swim_one_cm":8095,"minecraft:fly_one_cm":502913,"minecraft:open_chest":26,"minecraft:crouch_one_cm":2812,"tombstone:undead_killed":1,"minecraft:fall_one_cm":64601},"minecraft:killed":{"minecraft:zombie_villager":1,"minecraft:iron_golem":2,"minecraft:creeper":1,"minecraft:sheep":6,"minecraft:cow":7,"chococraft:chocobo":1},"minecraft:picked_up":{"minecraft:crafting_table":1,"minecraft:iron_chestplate":1,"chococraft:loverly_gysahl_green":14,"minecraft:potion":1,"minecraft:enchanted_book":1,"minecraft:wooden_sword":1,"minecraft:iron_leggings":3,"comforts:sleeping_bag_white":2,"minecraft:spruce_planks":12,"minecraft:beef":36,"minecraft:poppy":8,"minecraft:iron_pickaxe":1,"minecraft:melon_slice":63,"argentinas_delight:mateamargoitem":9,"minecraft:chest":2,"minecraft:iron_boots":1,"adorn:guide_book":1,"minecraft:stick":22,"minecraft:stripped_mangrove_wood":13,"argentinas_delight:pavacalientetool":1,"minecraft:torch":1,"argentinas_delight:pavallena":2,"minecraft:dark_oak_planks":3,"minecraft:arrow":1,"minecraft:pumpkin_pie":2,"minecraft:gold_ingot":2,"minecraft:glistering_melon_slice":4,"chococraft:chocobo_drumstick_raw":2,"minecraft:mutton":28,"minecraft:white_wool":6,"minecraft:cobblestone":34,"minecraft:leather_chestplate":1,"minecraft:jungle_log":2,"minecraft:leather":10,"argentinas_delight:tablachura":1,"minecraft:gunpowder":2,"minecraft:acacia_boat":3,"minecraft:dirt":38,"minecraft:leather_boots":1,"chococraft:chocobo_feather":4,"minecraft:bone":3,"chococraft:gysahl_green":76,"minecraft:apple":4,"chococraft:gold_gysahl":2,"minecraft:wheat_seeds":7,"minecraft:iron_ingot":10,"rechiseled:chisel":1,"minecraft:acacia_sapling":3,"minecraft:iron_sword":2,"aquaculture:jellyfish":5,"argentinas_delight:tabladechancho":1,"minecraft:sand":24,"argentinas_delight:corderoitem":1,"orcz:orcamanita":1,"chococraft:gysahl_green_seeds":52,"minecraft:spruce_log":2,"argentinas_delight:yerbamate":23,"minecraft:dark_oak_log":4,"minecraft:leather_helmet":1,"minecraft:painting":1,"minecraft:emerald":14,"argentinas_delight:pava":4,"argentinas_delight:cuernodetoro":6,"minecraft:mangrove_propagule":1,"argentinas_delight:chinchulinesitem":1},"minecraft:used":{"argentinas_delight:chinchulinesitem":1,"minecraft:poppy":4,"minecraft:spruce_planks":2,"minecraft:chest":1,"minecraft:iron_sword":83,"argentinas_delight:mateyerbaseca":7,"argentinas_delight:yerbamate":3,"minecraft:torch":1,"minecraft:dirt":19,"minecraft:acacia_sapling":2,"minecraft:dark_oak_planks":10,"argentinas_delight:mateamargoitem":7,"argentinas_delight:pavallena":2,"minecraft:furnace":1,"argentinas_delight:tabladechancho":1,"tombstone:gift":1,"comforts:sleeping_bag_white":1,"minecraft:acacia_boat":3,"argentinas_delight:pava":5,"minecraft:stripped_mangrove_wood":1,"minecraft:crafting_table":1,"minecraft:mushroom_stew":2,"minecraft:painting":1,"argentinas_delight:pavacalientetool":32,"orcz:orcamanita":1,"argentinas_delight:corderoitem":1,"rechiseled:dark_oak_planks_wavy":1,"minecraft:bread":9,"minecraft:melon_slice":6,"minecraft:iron_pickaxe":21,"minecraft:leather_helmet":1,"adorn:guide_book":1,"minecraft:wooden_sword":22,"minecraft:potion":1,"chococraft:gysahl_green":52},"minecraft:dropped":{"minecraft:iron_sword":1,"minecraft:wheat_seeds":7,"argentinas_delight:mateamargoitem":2,"minecraft:glass_bottle":1,"argentinas_delight:tablachura":1,"aquaculture:jellyfish":5,"minecraft:wooden_sword":1,"minecraft:iron_pickaxe":1,"minecraft:bone":2,"minecraft:bowl":2,"argentinas_delight:yerbamate":23,"argentinas_delight:cuernodetoro":1,"minecraft:poppy":2,"minecraft:leather_chestplate":1,"minecraft:spruce_planks":9,"minecraft:leather_boots":1,"minecraft:acacia_sapling":1,"comforts:sleeping_bag_white":2},"minecraft:crafted":{"minecraft:wooden_sword":1,"comforts:sleeping_bag_white":1,"minecraft:furnace":1,"minecraft:glass":24,"minecraft:chest":1,"minecraft:dark_oak_planks":16,"minecraft:red_dye":2,"minecraft:crafting_table":1,"minecraft:spruce_planks":8,"travelersbackpack:backpack_tank":2,"travelersbackpack:standard":1,"minecraft:red_wool":2,"minecraft:air":0,"rechiseled:chisel":1,"travelersbackpack:red_sleeping_bag":1,"minecraft:stick":4}},"DataVersion":3465}