{"stats":{"minecraft:mined":{"minecraft:dark_oak_log":4,"minecraft:crafting_table":1,"minecraft:dark_oak_leaves":11},"minecraft:custom":{"minecraft:jump":36,"minecraft:time_since_rest":4342,"minecraft:sprint_one_cm":6056,"minecraft:play_time":4342,"minecraft:time_since_death":4342,"minecraft:walk_one_cm":5309,"minecraft:total_world_time":4342,"minecraft:interact_with_crafting_table":1,"minecraft:fall_one_cm":1254,"minecraft:fly_one_cm":6137},"minecraft:picked_up":{"minecraft:crafting_table":1,"minecraft:dark_oak_log":4},"minecraft:used":{"minecraft:crafting_table":1},"minecraft:crafted":{"minecraft:dark_oak_planks":16,"minecraft:wooden_sword":1,"minecraft:crafting_table":1,"minecraft:stick":4}},"DataVersion":3465}