{"stats":{"minecraft:mined":{"minecraft:dark_oak_planks":3,"argentinas_delight:pavallena":1,"minecraft:spruce_planks":2,"orcz:orcamanita":1,"minecraft:dark_oak_leaves":11,"minecraft:jungle_leaves":11,"minecraft:dark_oak_log":4,"argentinas_delight:hojasdemate":50,"minecraft:grass_block":26,"minecraft:jungle_log":2,"argentinas_delight:mateyerbaseca":1,"minecraft:mangrove_propagule":3,"minecraft:fire":27,"argentinas_delight:mateamargo":8,"argentinas_delight:ramasdematedeyerba":4,"chococraft:gysahl_green":26,"argentinas_delight:basedearbolmate":1,"chococraft:straw":3,"minecraft:bamboo":3,"minecraft:stripped_mangrove_wood":7,"minecraft:stone":21,"minecraft:orange_bed":2,"minecraft:glass_pane":1,"minecraft:red_bed":1,"travelersbackpack:standard":2,"minecraft:crafting_table":1,"argentinas_delight:pavacaliente":1,"minecraft:melon":13,"minecraft:poppy":2,"minecraft:chest":2,"argentinas_delight:pava":4,"minecraft:tall_grass":3,"minecraft:purple_bed":2,"minecraft:cactus":5,"minecraft:birch_leaves":1,"minecraft:grass":23,"minecraft:oak_log":4,"minecraft:sand":26,"minecraft:dirt":12,"minecraft:oak_leaves":41},"minecraft:custom":{"minecraft:mob_kills":23,"minecraft:interact_with_crafting_table":9,"minecraft:open_barrel":11,"minecraft:leave_game":1,"minecraft:time_since_death":13077,"minecraft:climb_one_cm":15283,"minecraft:sprint_one_cm":680418,"minecraft:walk_one_cm":567424,"minecraft:damage_blocked_by_shield":345,"minecraft:drop":58,"minecraft:talked_to_villager":1,"minecraft:play_time":201865,"minecraft:deaths":7,"minecraft:sneak_time":4728,"minecraft:walk_under_water_one_cm":8671,"minecraft:boat_one_cm":234761,"minecraft:interact_with_lectern":1,"minecraft:jump":3683,"minecraft:interact_with_blast_furnace":2,"minecraft:walk_on_water_one_cm":23196,"minecraft:total_world_time":201865,"minecraft:interact_with_furnace":8,"minecraft:interact_with_cartography_table":1,"minecraft:sleep_in_bed":8,"minecraft:time_since_rest":11448,"minecraft:damage_taken":3650,"minecraft:damage_dealt":4782,"minecraft:swim_one_cm":38916,"minecraft:fly_one_cm":788929,"minecraft:open_chest":27,"minecraft:crouch_one_cm":7217,"tombstone:undead_killed":4,"minecraft:fall_one_cm":103524},"minecraft:killed":{"minecraft:spider":1,"minecraft:skeleton":1,"minecraft:husk":1,"minecraft:zombie_villager":1,"minecraft:iron_golem":2,"minecraft:creeper":1,"minecraft:sheep":6,"minecraft:zombie":1,"minecraft:cow":7,"chococraft:chocobo":1},"minecraft:picked_up":{"minecraft:crafting_table":1,"minecraft:iron_chestplate":1,"chococraft:loverly_gysahl_green":14,"minecraft:potion":1,"minecraft:enchanted_book":1,"minecraft:string":2,"minecraft:wooden_sword":1,"minecraft:iron_leggings":3,"comforts:sleeping_bag_white":2,"minecraft:spruce_planks":12,"minecraft:beef":36,"chococraft:straw":4,"minecraft:poppy":8,"minecraft:iron_pickaxe":1,"minecraft:melon_slice":63,"argentinas_delight:mateamargoitem":10,"minecraft:chest":2,"minecraft:iron_boots":1,"minecraft:egg":1,"adorn:guide_book":1,"minecraft:stick":22,"minecraft:stripped_mangrove_wood":13,"argentinas_delight:pavacalientetool":1,"minecraft:torch":1,"minecraft:acacia_log":3,"tombstone:grave_dust":1,"argentinas_delight:pavallena":2,"minecraft:dark_oak_planks":3,"minecraft:orange_bed":1,"minecraft:cactus":7,"minecraft:arrow":3,"minecraft:rotten_flesh":3,"minecraft:pumpkin_pie":2,"minecraft:gold_ingot":2,"minecraft:glistering_melon_slice":4,"chococraft:chocobo_drumstick_raw":2,"minecraft:mutton":28,"minecraft:white_wool":6,"minecraft:cobblestone":34,"minecraft:leather_chestplate":1,"minecraft:jungle_log":4,"minecraft:leather":10,"minecraft:oak_log":4,"argentinas_delight:tablachura":1,"minecraft:gunpowder":2,"minecraft:acacia_boat":3,"minecraft:dirt":47,"minecraft:leather_boots":1,"chococraft:chocobo_feather":4,"minecraft:bone":3,"chococraft:gysahl_green":76,"minecraft:apple":4,"chococraft:gold_gysahl":2,"minecraft:wheat_seeds":10,"minecraft:iron_ingot":10,"tombstone:bag_of_seeds":1,"rechiseled:chisel":1,"minecraft:bamboo":26,"minecraft:acacia_sapling":3,"minecraft:iron_sword":2,"aquaculture:jellyfish":5,"argentinas_delight:tabladechancho":1,"minecraft:sand":26,"argentinas_delight:corderoitem":1,"orcz:orcamanita":1,"chococraft:gysahl_green_seeds":55,"argentinas_delight:mateyerbaseca":1,"minecraft:spruce_log":2,"argentinas_delight:yerbamate":23,"minecraft:dark_oak_log":4,"minecraft:spider_eye":1,"minecraft:leather_helmet":1,"travelersbackpack:standard":2,"minecraft:painting":1,"minecraft:bread":10,"minecraft:emerald":14,"minecraft:oak_sapling":2,"argentinas_delight:pava":4,"argentinas_delight:cuernodetoro":6,"minecraft:mangrove_propagule":3,"argentinas_delight:chinchulinesitem":1},"minecraft:used":{"argentinas_delight:chinchulinesitem":1,"minecraft:flint_and_steel":4,"minecraft:poppy":4,"minecraft:spruce_planks":2,"minecraft:chest":1,"minecraft:shield":3,"minecraft:iron_sword":103,"argentinas_delight:mateyerbaseca":9,"argentinas_delight:yerbamate":3,"minecraft:orange_bed":1,"minecraft:torch":1,"minecraft:dirt":21,"minecraft:jungle_planks":8,"minecraft:acacia_sapling":2,"minecraft:dark_oak_planks":10,"argentinas_delight:mateamargoitem":8,"minecraft:jungle_log":2,"chococraft:straw":3,"argentinas_delight:pavallena":2,"minecraft:bamboo":18,"minecraft:beef":7,"minecraft:furnace":1,"argentinas_delight:tabladechancho":1,"minecraft:egg":1,"tombstone:gift":2,"comforts:sleeping_bag_white":1,"minecraft:acacia_planks":5,"minecraft:acacia_boat":3,"minecraft:oak_planks":16,"argentinas_delight:pava":5,"minecraft:stripped_mangrove_wood":1,"minecraft:sand":1,"minecraft:crafting_table":1,"minecraft:mushroom_stew":2,"minecraft:painting":1,"argentinas_delight:pavacalientetool":32,"orcz:orcamanita":1,"argentinas_delight:corderoitem":1,"tombstone:bag_of_seeds":1,"rechiseled:dark_oak_planks_wavy":1,"minecraft:bread":9,"minecraft:melon_slice":42,"minecraft:iron_pickaxe":21,"minecraft:leather_helmet":1,"adorn:guide_book":1,"tombstone:grave_key":1,"minecraft:wooden_sword":22,"minecraft:potion":1,"chococraft:gysahl_green":52},"minecraft:dropped":{"minecraft:bread":10,"minecraft:iron_sword":1,"minecraft:wheat_seeds":10,"argentinas_delight:mateamargoitem":2,"minecraft:glass_bottle":1,"argentinas_delight:tablachura":1,"aquaculture:jellyfish":5,"minecraft:wooden_sword":1,"minecraft:sand":1,"minecraft:iron_pickaxe":1,"minecraft:bone":2,"minecraft:bowl":2,"argentinas_delight:yerbamate":23,"argentinas_delight:cuernodetoro":1,"minecraft:poppy":2,"minecraft:leather_chestplate":1,"minecraft:spruce_planks":9,"minecraft:leather_boots":1,"minecraft:oak_sapling":2,"minecraft:acacia_sapling":1,"comforts:sleeping_bag_white":2,"chococraft:straw":1},"minecraft:crafted":{"minecraft:wooden_sword":1,"minecraft:oak_planks":16,"comforts:sleeping_bag_white":1,"minecraft:furnace":1,"minecraft:glass":24,"minecraft:chest":1,"minecraft:dark_oak_planks":16,"minecraft:red_dye":2,"minecraft:crafting_table":1,"minecraft:spruce_planks":8,"travelersbackpack:backpack_tank":2,"travelersbackpack:standard":1,"minecraft:red_wool":2,"minecraft:air":0,"minecraft:jungle_planks":8,"rechiseled:chisel":1,"travelersbackpack:red_sleeping_bag":1,"minecraft:shield":1,"minecraft:stick":4,"minecraft:acacia_planks":12},"minecraft:broken":{"minecraft:leather_helmet":1}},"DataVersion":3465}