{"stats":{"minecraft:mined":{"orcz:orcamanita":1,"minecraft:dark_oak_leaves":11,"minecraft:fire":1,"minecraft:dark_oak_log":4,"minecraft:birch_leaves":1,"minecraft:crafting_table":1,"argentinas_delight:ramasdematedeyerba":4,"argentinas_delight:hojasdemate":50,"minecraft:grass":7,"chococraft:gysahl_green":26,"minecraft:grass_block":18,"argentinas_delight:basedearbolmate":1,"minecraft:dirt":10},"minecraft:custom":{"minecraft:time_since_rest":28342,"minecraft:sprint_one_cm":103991,"minecraft:damage_taken":528,"minecraft:walk_one_cm":116670,"minecraft:mob_kills":5,"minecraft:drop":3,"minecraft:damage_dealt":542,"minecraft:swim_one_cm":4562,"minecraft:interact_with_crafting_table":1,"minecraft:fly_one_cm":118956,"minecraft:crouch_one_cm":226,"minecraft:play_time":28342,"minecraft:sneak_time":362,"minecraft:walk_under_water_one_cm":494,"minecraft:jump":595,"minecraft:walk_on_water_one_cm":5863,"minecraft:time_since_death":28342,"minecraft:total_world_time":28342,"minecraft:fall_one_cm":16823},"minecraft:killed":{"minecraft:sheep":5},"minecraft:picked_up":{"minecraft:leather_chestplate":1,"minecraft:crafting_table":1,"minecraft:stick":10,"chococraft:loverly_gysahl_green":7,"minecraft:potion":1,"orcz:orcamanita":1,"chococraft:gysahl_green_seeds":26,"minecraft:acacia_boat":3,"argentinas_delight:yerbamate":9,"minecraft:dirt":28,"minecraft:dark_oak_log":4,"minecraft:leather_helmet":1,"minecraft:leather_boots":1,"chococraft:chocobo_feather":1,"chococraft:gysahl_green":70,"chococraft:gold_gysahl":1,"minecraft:wheat_seeds":2,"minecraft:iron_sword":2,"minecraft:mutton":8,"minecraft:white_wool":5},"minecraft:dropped":{"minecraft:iron_sword":1,"minecraft:glass_bottle":1,"minecraft:wooden_sword":1},"minecraft:used":{"minecraft:acacia_boat":2,"adorn:guide_book":1,"minecraft:dirt":19,"minecraft:wooden_sword":22,"minecraft:potion":1,"minecraft:crafting_table":1,"chococraft:gysahl_green":38,"orcz:orcamanita":1},"minecraft:crafted":{"minecraft:wooden_sword":1,"minecraft:crafting_table":1,"minecraft:stick":4,"minecraft:dark_oak_planks":16}},"DataVersion":3465}