{"stats":{"minecraft:mined":{"argentinas_delight:hojasdemate":50,"minecraft:grass":2,"chococraft:gysahl_green":26,"argentinas_delight:basedearbolmate":1,"minecraft:dark_oak_leaves":11,"minecraft:fire":1,"minecraft:dark_oak_log":4,"minecraft:birch_leaves":1,"argentinas_delight:ramasdematedeyerba":4,"minecraft:crafting_table":1},"minecraft:custom":{"minecraft:time_since_rest":16342,"minecraft:play_time":16342,"minecraft:sprint_one_cm":54613,"minecraft:damage_taken":245,"minecraft:walk_one_cm":56912,"minecraft:sneak_time":17,"minecraft:walk_under_water_one_cm":494,"minecraft:mob_kills":5,"minecraft:jump":333,"minecraft:damage_dealt":400,"minecraft:time_since_death":16342,"minecraft:walk_on_water_one_cm":5863,"minecraft:total_world_time":16342,"minecraft:fall_one_cm":6557,"minecraft:swim_one_cm":4562,"minecraft:interact_with_crafting_table":1,"minecraft:fly_one_cm":51753},"minecraft:killed":{"minecraft:sheep":5},"minecraft:picked_up":{"minecraft:stick":10,"chococraft:loverly_gysahl_green":7,"minecraft:crafting_table":1,"chococraft:gysahl_green":70,"chococraft:gold_gysahl":1,"minecraft:wheat_seeds":1,"chococraft:gysahl_green_seeds":26,"minecraft:acacia_boat":1,"argentinas_delight:yerbamate":9,"minecraft:mutton":8,"minecraft:dark_oak_log":4,"minecraft:white_wool":5},"minecraft:used":{"minecraft:wooden_sword":17,"minecraft:crafting_table":1,"chococraft:gysahl_green":21,"adorn:guide_book":1},"minecraft:crafted":{"minecraft:wooden_sword":1,"minecraft:dark_oak_planks":16,"minecraft:crafting_table":1,"minecraft:stick":4}},"DataVersion":3465}