{"stats":{"minecraft:mined":{"minecraft:dark_oak_planks":3,"minecraft:spruce_planks":1,"orcz:orcamanita":1,"minecraft:glass_pane":1,"minecraft:red_bed":1,"minecraft:dark_oak_leaves":11,"minecraft:dark_oak_log":4,"minecraft:crafting_table":1,"argentinas_delight:hojasdemate":50,"minecraft:poppy":2,"minecraft:grass_block":18,"minecraft:melon":13,"minecraft:chest":1,"argentinas_delight:mateyerbaseca":1,"minecraft:tall_grass":3,"minecraft:purple_bed":2,"minecraft:fire":11,"argentinas_delight:mateamargo":1,"minecraft:birch_leaves":1,"argentinas_delight:ramasdematedeyerba":4,"minecraft:grass":21,"chococraft:gysahl_green":26,"argentinas_delight:basedearbolmate":1,"minecraft:sand":24,"minecraft:dirt":10,"minecraft:stone":21,"minecraft:stripped_mangrove_wood":7,"minecraft:oak_leaves":1,"minecraft:orange_bed":1},"minecraft:custom":{"minecraft:interact_with_furnace":7,"minecraft:mob_kills":18,"minecraft:interact_with_cartography_table":1,"minecraft:interact_with_crafting_table":9,"minecraft:open_barrel":11,"minecraft:leave_game":1,"minecraft:time_since_death":30791,"minecraft:sleep_in_bed":5,"minecraft:climb_one_cm":1084,"minecraft:time_since_rest":1499,"minecraft:sprint_one_cm":327377,"minecraft:damage_taken":1320,"minecraft:walk_one_cm":341423,"minecraft:drop":33,"minecraft:damage_dealt":3657,"minecraft:swim_one_cm":4562,"minecraft:fly_one_cm":375915,"minecraft:open_chest":25,"minecraft:crouch_one_cm":2185,"minecraft:play_time":105865,"tombstone:undead_killed":1,"minecraft:deaths":2,"minecraft:sneak_time":1562,"minecraft:walk_under_water_one_cm":3106,"minecraft:boat_one_cm":195926,"minecraft:interact_with_lectern":1,"minecraft:jump":1595,"minecraft:interact_with_blast_furnace":2,"minecraft:walk_on_water_one_cm":9261,"minecraft:total_world_time":105865,"minecraft:fall_one_cm":44678},"minecraft:killed":{"minecraft:zombie_villager":1,"minecraft:iron_golem":2,"minecraft:creeper":1,"minecraft:sheep":6,"minecraft:cow":7,"chococraft:chocobo":1},"minecraft:picked_up":{"chococraft:loverly_gysahl_green":7,"minecraft:iron_chestplate":1,"minecraft:crafting_table":1,"minecraft:leather_chestplate":1,"minecraft:leather":10,"minecraft:potion":1,"minecraft:gunpowder":2,"minecraft:acacia_boat":3,"minecraft:dirt":28,"minecraft:wooden_sword":1,"minecraft:bone":2,"minecraft:iron_leggings":2,"minecraft:leather_boots":1,"chococraft:chocobo_feather":2,"chococraft:gysahl_green":70,"chococraft:gold_gysahl":1,"minecraft:wheat_seeds":7,"comforts:sleeping_bag_white":2,"minecraft:spruce_planks":11,"minecraft:iron_ingot":10,"minecraft:beef":20,"minecraft:poppy":8,"minecraft:iron_pickaxe":1,"minecraft:chest":1,"minecraft:melon_slice":63,"argentinas_delight:mateamargoitem":2,"minecraft:iron_sword":2,"minecraft:acacia_sapling":2,"minecraft:iron_boots":1,"aquaculture:jellyfish":5,"minecraft:stick":10,"minecraft:stripped_mangrove_wood":7,"minecraft:sand":24,"orcz:orcamanita":1,"chococraft:gysahl_green_seeds":26,"minecraft:spruce_log":2,"argentinas_delight:yerbamate":9,"minecraft:dark_oak_log":4,"minecraft:leather_helmet":1,"minecraft:dark_oak_planks":3,"minecraft:painting":1,"minecraft:emerald":7,"chococraft:chocobo_drumstick_raw":1,"argentinas_delight:cuernodetoro":4,"minecraft:mutton":19,"minecraft:white_wool":6,"minecraft:cobblestone":21},"minecraft:dropped":{"minecraft:iron_sword":1,"argentinas_delight:mateamargoitem":1,"minecraft:wheat_seeds":7,"minecraft:bowl":2,"minecraft:glass_bottle":1,"argentinas_delight:yerbamate":9,"argentinas_delight:cuernodetoro":1,"minecraft:leather_chestplate":1,"minecraft:poppy":2,"minecraft:spruce_planks":9,"minecraft:leather_boots":1,"minecraft:acacia_sapling":1,"aquaculture:jellyfish":5,"minecraft:wooden_sword":1,"comforts:sleeping_bag_white":1,"minecraft:iron_pickaxe":1,"minecraft:bone":2},"minecraft:used":{"minecraft:acacia_boat":3,"minecraft:poppy":4,"minecraft:chest":1,"minecraft:spruce_planks":2,"minecraft:iron_sword":69,"argentinas_delight:mateyerbaseca":1,"minecraft:stripped_mangrove_wood":1,"minecraft:dirt":19,"minecraft:crafting_table":1,"minecraft:mushroom_stew":2,"minecraft:acacia_sapling":1,"minecraft:painting":1,"orcz:orcamanita":1,"minecraft:dark_oak_planks":10,"rechiseled:dark_oak_planks_wavy":1,"argentinas_delight:mateamargoitem":1,"minecraft:melon_slice":1,"minecraft:bread":9,"minecraft:iron_pickaxe":21,"adorn:guide_book":1,"minecraft:wooden_sword":22,"minecraft:potion":1,"minecraft:furnace":1,"comforts:sleeping_bag_white":1,"tombstone:gift":1,"chococraft:gysahl_green":52},"minecraft:crafted":{"minecraft:red_dye":2,"minecraft:wooden_sword":1,"minecraft:crafting_table":1,"minecraft:spruce_planks":8,"comforts:sleeping_bag_white":1,"travelersbackpack:backpack_tank":2,"travelersbackpack:standard":1,"minecraft:furnace":1,"minecraft:red_wool":2,"minecraft:air":0,"travelersbackpack:red_sleeping_bag":1,"rechiseled:chisel":1,"minecraft:glass":24,"minecraft:stick":4,"minecraft:chest":1,"minecraft:dark_oak_planks":16}},"DataVersion":3465}