{"stats":{"minecraft:mined":{"orcz:orcamanita":1,"minecraft:dark_oak_leaves":11,"minecraft:fire":1,"minecraft:dark_oak_log":4,"minecraft:birch_leaves":1,"minecraft:crafting_table":1,"argentinas_delight:ramasdematedeyerba":4,"argentinas_delight:hojasdemate":50,"minecraft:grass":8,"chococraft:gysahl_green":26,"minecraft:grass_block":18,"minecraft:melon":13,"argentinas_delight:basedearbolmate":1,"minecraft:dirt":10},"minecraft:custom":{"minecraft:time_since_rest":40342,"minecraft:sprint_one_cm":119436,"minecraft:damage_taken":568,"minecraft:walk_one_cm":141909,"minecraft:mob_kills":6,"minecraft:drop":5,"minecraft:damage_dealt":842,"minecraft:swim_one_cm":4562,"minecraft:interact_with_crafting_table":1,"minecraft:fly_one_cm":133524,"minecraft:open_barrel":2,"minecraft:open_chest":1,"minecraft:crouch_one_cm":226,"minecraft:play_time":40342,"minecraft:sneak_time":412,"minecraft:walk_under_water_one_cm":3106,"minecraft:boat_one_cm":195926,"minecraft:jump":665,"minecraft:interact_with_blast_furnace":1,"minecraft:walk_on_water_one_cm":7348,"minecraft:time_since_death":40342,"minecraft:total_world_time":40342,"minecraft:fall_one_cm":19363,"minecraft:interact_with_furnace":1},"minecraft:killed":{"minecraft:sheep":5,"chococraft:chocobo":1},"minecraft:picked_up":{"minecraft:iron_chestplate":1,"minecraft:leather_chestplate":1,"minecraft:crafting_table":1,"minecraft:stick":10,"chococraft:loverly_gysahl_green":7,"minecraft:potion":1,"orcz:orcamanita":1,"chococraft:gysahl_green_seeds":26,"minecraft:spruce_log":2,"minecraft:acacia_boat":3,"argentinas_delight:yerbamate":9,"minecraft:dirt":28,"minecraft:dark_oak_log":4,"minecraft:leather_helmet":1,"minecraft:iron_leggings":2,"minecraft:leather_boots":1,"chococraft:chocobo_feather":2,"chococraft:gysahl_green":70,"chococraft:gold_gysahl":1,"minecraft:wheat_seeds":2,"minecraft:spruce_planks":1,"minecraft:poppy":4,"chococraft:chocobo_drumstick_raw":1,"minecraft:melon_slice":63,"minecraft:iron_sword":2,"minecraft:mutton":8,"minecraft:white_wool":5,"minecraft:iron_boots":1},"minecraft:used":{"minecraft:acacia_boat":3,"minecraft:poppy":2,"adorn:guide_book":1,"minecraft:iron_sword":4,"minecraft:dirt":19,"minecraft:wooden_sword":22,"minecraft:potion":1,"minecraft:crafting_table":1,"chococraft:gysahl_green":52,"orcz:orcamanita":1},"minecraft:dropped":{"minecraft:poppy":2,"minecraft:iron_sword":1,"minecraft:glass_bottle":1,"minecraft:wooden_sword":1},"minecraft:crafted":{"minecraft:wooden_sword":1,"minecraft:crafting_table":1,"minecraft:stick":4,"minecraft:dark_oak_planks":16}},"DataVersion":3465}