{"stats":{"minecraft:mined":{"minecraft:dark_oak_planks":3,"argentinas_delight:pavallena":1,"minecraft:spruce_planks":2,"orcz:orcamanita":1,"minecraft:dark_oak_leaves":11,"minecraft:jungle_leaves":14,"minecraft:dark_oak_log":4,"argentinas_delight:hojasdemate":50,"minecraft:grass_block":26,"minecraft:jungle_log":2,"argentinas_delight:mateyerbaseca":1,"minecraft:mangrove_propagule":3,"minecraft:fire":30,"argentinas_delight:mateamargo":8,"argentinas_delight:ramasdematedeyerba":4,"chococraft:gysahl_green":26,"argentinas_delight:basedearbolmate":1,"chococraft:straw":3,"minecraft:bamboo":3,"minecraft:stripped_mangrove_wood":7,"minecraft:stone":21,"minecraft:orange_bed":2,"minecraft:glass_pane":1,"minecraft:red_bed":1,"travelersbackpack:standard":2,"minecraft:crafting_table":1,"argentinas_delight:pavacaliente":1,"minecraft:melon":13,"minecraft:poppy":2,"minecraft:chest":2,"argentinas_delight:pava":4,"minecraft:tall_grass":3,"minecraft:purple_bed":2,"minecraft:cactus":5,"minecraft:jungle_wood":2,"minecraft:mangrove_leaves":1,"minecraft:birch_leaves":1,"minecraft:grass":30,"minecraft:oak_log":4,"minecraft:sand":26,"minecraft:dirt":18,"minecraft:fern":2,"minecraft:oak_leaves":41},"minecraft:custom":{"minecraft:mob_kills":32,"minecraft:interact_with_crafting_table":9,"minecraft:open_barrel":14,"minecraft:leave_game":1,"minecraft:time_since_death":49077,"minecraft:climb_one_cm":16356,"minecraft:sprint_one_cm":786951,"minecraft:walk_one_cm":642298,"minecraft:damage_blocked_by_shield":720,"minecraft:drop":80,"minecraft:talked_to_villager":1,"minecraft:play_time":237865,"minecraft:deaths":7,"minecraft:sneak_time":6903,"minecraft:walk_under_water_one_cm":8758,"minecraft:boat_one_cm":234761,"minecraft:interact_with_lectern":1,"minecraft:jump":4139,"minecraft:interact_with_blast_furnace":2,"minecraft:walk_on_water_one_cm":24227,"minecraft:total_world_time":237865,"minecraft:interact_with_furnace":8,"minecraft:interact_with_cartography_table":1,"minecraft:sleep_in_bed":8,"minecraft:time_since_rest":47448,"minecraft:damage_taken":4153,"minecraft:damage_dealt":6608,"minecraft:swim_one_cm":39972,"minecraft:fly_one_cm":892340,"minecraft:open_chest":33,"minecraft:crouch_one_cm":11670,"tombstone:undead_killed":6,"minecraft:fall_one_cm":118087},"minecraft:killed":{"minecraft:spider":1,"minecraft:skeleton":1,"minecraft:husk":3,"minecraft:pig":1,"minecraft:zombie_villager":1,"minecraft:iron_golem":2,"minecraft:creeper":2,"minecraft:sheep":6,"sons_of_sins:betrayed_guzzler":1,"minecraft:zombie":1,"orcz:snot":3,"orcz:orcshield":1,"minecraft:cow":7,"chococraft:chocobo":1},"minecraft:picked_up":{"minecraft:crafting_table":1,"minecraft:iron_chestplate":2,"chococraft:loverly_gysahl_green":14,"minecraft:potion":1,"minecraft:enchanted_book":1,"minecraft:string":2,"minecraft:wooden_sword":1,"minecraft:iron_leggings":3,"comforts:sleeping_bag_white":2,"minecraft:spruce_planks":12,"minecraft:beef":36,"chococraft:straw":4,"minecraft:poppy":8,"minecraft:iron_pickaxe":1,"minecraft:melon_slice":63,"argentinas_delight:mateamargoitem":10,"minecraft:chest":2,"minecraft:iron_boots":1,"minecraft:egg":1,"adorn:guide_book":1,"minecraft:stick":25,"minecraft:stripped_mangrove_wood":13,"argentinas_delight:pavacalientetool":1,"minecraft:torch":1,"minecraft:acacia_log":3,"minecraft:porkchop":2,"orcz:orchorn":1,"tombstone:grave_dust":1,"argentinas_delight:pavallena":2,"minecraft:dark_oak_planks":4,"minecraft:orange_bed":1,"minecraft:cactus":7,"minecraft:arrow":3,"minecraft:rotten_flesh":5,"minecraft:pumpkin_pie":2,"orcz:orcshroom":1,"minecraft:gold_ingot":2,"minecraft:glistering_melon_slice":4,"chococraft:chocobo_drumstick_raw":2,"minecraft:mutton":28,"minecraft:white_wool":6,"minecraft:cobblestone":34,"minecraft:leather_chestplate":1,"orcz:orcteeth":19,"minecraft:jungle_log":4,"minecraft:leather":10,"minecraft:jungle_wood":2,"minecraft:oak_log":4,"argentinas_delight:tablachura":1,"minecraft:gunpowder":4,"minecraft:acacia_boat":3,"immersive_aircraft:gyrodyne":2,"minecraft:dirt":51,"minecraft:leather_boots":1,"chococraft:chocobo_feather":4,"minecraft:bone":3,"chococraft:gysahl_green":82,"minecraft:apple":4,"chococraft:gold_gysahl":2,"minecraft:wheat_seeds":12,"minecraft:iron_ingot":10,"tombstone:bag_of_seeds":1,"rechiseled:chisel":1,"minecraft:bamboo":26,"travelersbackpack:gold":1,"minecraft:acacia_sapling":3,"minecraft:iron_sword":3,"aquaculture:jellyfish":5,"argentinas_delight:tabladechancho":1,"orcz:blue_orcshroom":2,"minecraft:sand":29,"argentinas_delight:corderoitem":1,"orcz:orcamanita":1,"chococraft:gysahl_green_seeds":55,"argentinas_delight:mateyerbaseca":1,"minecraft:spruce_log":2,"argentinas_delight:yerbamate":23,"minecraft:dark_oak_log":4,"minecraft:spider_eye":1,"sons_of_sins:flesh_of_demise":1,"minecraft:leather_helmet":1,"travelersbackpack:standard":2,"minecraft:iron_helmet":1,"minecraft:painting":1,"minecraft:bread":10,"minecraft:emerald":14,"orcz:ironscrap":1,"minecraft:oak_sapling":2,"argentinas_delight:pava":4,"argentinas_delight:cuernodetoro":6,"minecraft:mangrove_propagule":3,"argentinas_delight:chinchulinesitem":1},"minecraft:used":{"argentinas_delight:chinchulinesitem":1,"minecraft:flint_and_steel":4,"minecraft:poppy":4,"minecraft:spruce_planks":2,"minecraft:chest":1,"minecraft:shield":9,"minecraft:iron_sword":157,"argentinas_delight:mateyerbaseca":9,"argentinas_delight:yerbamate":3,"minecraft:orange_bed":1,"minecraft:torch":1,"minecraft:dirt":32,"minecraft:mutton":6,"minecraft:jungle_planks":8,"minecraft:acacia_sapling":2,"minecraft:dark_oak_planks":10,"argentinas_delight:mateamargoitem":8,"minecraft:jungle_log":2,"chococraft:straw":3,"argentinas_delight:pavallena":2,"minecraft:bamboo":18,"minecraft:beef":20,"minecraft:furnace":1,"argentinas_delight:tabladechancho":1,"minecraft:egg":1,"tombstone:gift":2,"comforts:sleeping_bag_white":1,"minecraft:acacia_planks":5,"minecraft:acacia_boat":3,"minecraft:oak_planks":16,"argentinas_delight:pava":5,"minecraft:stripped_mangrove_wood":1,"minecraft:sand":1,"minecraft:crafting_table":1,"minecraft:mushroom_stew":2,"minecraft:painting":1,"argentinas_delight:pavacalientetool":32,"orcz:orcamanita":1,"argentinas_delight:corderoitem":1,"tombstone:bag_of_seeds":1,"rechiseled:dark_oak_planks_wavy":1,"minecraft:bread":9,"minecraft:melon_slice":42,"minecraft:iron_pickaxe":21,"minecraft:leather_helmet":1,"adorn:guide_book":1,"tombstone:grave_key":1,"minecraft:wooden_sword":22,"sons_of_sins:flesh_of_demise":1,"minecraft:potion":1,"minecraft:porkchop":2,"chococraft:gysahl_green":52},"minecraft:dropped":{"minecraft:bread":10,"minecraft:iron_sword":1,"minecraft:stripped_mangrove_wood":3,"minecraft:wheat_seeds":12,"argentinas_delight:mateamargoitem":2,"minecraft:glass_bottle":1,"orcz:blue_orcshroom":2,"argentinas_delight:tablachura":1,"minecraft:stick":3,"immersive_aircraft:gyrodyne":2,"aquaculture:jellyfish":5,"minecraft:wooden_sword":1,"minecraft:sand":4,"minecraft:iron_pickaxe":1,"minecraft:acacia_planks":1,"minecraft:bone":2,"minecraft:cocoa_beans":1,"minecraft:bowl":2,"minecraft:rotten_flesh":5,"orcz:orcshroom":1,"minecraft:pumpkin_seeds":5,"travelersbackpack:gold":1,"argentinas_delight:yerbamate":23,"argentinas_delight:cuernodetoro":2,"minecraft:poppy":2,"minecraft:leather_chestplate":1,"minecraft:spruce_planks":10,"minecraft:iron_chestplate":1,"minecraft:beetroot_seeds":6,"minecraft:leather_boots":1,"minecraft:oak_sapling":2,"minecraft:acacia_sapling":1,"comforts:sleeping_bag_white":2,"minecraft:arrow":3,"chococraft:straw":1},"minecraft:crafted":{"minecraft:wooden_sword":1,"minecraft:oak_planks":16,"comforts:sleeping_bag_white":1,"minecraft:furnace":1,"minecraft:glass":24,"minecraft:chest":1,"minecraft:dark_oak_planks":16,"minecraft:red_dye":2,"minecraft:crafting_table":1,"minecraft:spruce_planks":8,"travelersbackpack:backpack_tank":2,"travelersbackpack:standard":1,"minecraft:red_wool":2,"minecraft:air":0,"minecraft:jungle_planks":16,"rechiseled:chisel":1,"travelersbackpack:red_sleeping_bag":1,"minecraft:shield":1,"minecraft:stick":4,"minecraft:acacia_planks":12},"minecraft:broken":{"minecraft:leather_helmet":1}},"DataVersion":3465}