{"stats":{"minecraft:crafted":{"minecraft:stone_sword":1,"minecraft:furnace":1,"minecraft:birch_planks":28,"minecraft:stone_axe":1,"minecraft:crafting_table":1,"minecraft:stick":8,"minecraft:wooden_pickaxe":1,"minecraft:stone_pickaxe":1},"minecraft:picked_up":{"minecraft:birch_log":17,"minecraft:crafting_table":2,"minecraft:wheat_seeds":1,"minecraft:dirt":4,"minecraft:cobblestone":28},"minecraft:custom":{"minecraft:time_since_rest":3037,"minecraft:damage_taken":636,"minecraft:crouch_one_cm":32,"minecraft:play_time":14068,"minecraft:sprint_one_cm":3014,"minecraft:walk_one_cm":16174,"minecraft:deaths":2,"minecraft:sneak_time":21,"minecraft:walk_under_water_one_cm":1403,"minecraft:boat_one_cm":13261,"minecraft:jump":54,"minecraft:damage_dealt":221,"minecraft:leave_game":12,"minecraft:time_since_death":0,"minecraft:walk_on_water_one_cm":3530,"minecraft:total_world_time":14068,"minecraft:interact_with_crafting_table":6,"minecraft:fly_one_cm":2415,"minecraft:player_kills":1,"minecraft:fall_one_cm":418},"minecraft:used":{"minecraft:stone_axe":12,"minecraft:stone_sword":4,"minecraft:dirt":4,"minecraft:crafting_table":3,"tombstone:gift":2,"minecraft:wooden_pickaxe":31},"minecraft:mined":{"minecraft:grass":2,"minecraft:grass_block":2,"minecraft:dirt":2,"minecraft:birch_log":17,"minecraft:stone":28,"minecraft:birch_leaves":1,"minecraft:crafting_table":2}},"DataVersion":3465}