{"stats":{"minecraft:crafted":{"minecraft:birch_planks":24,"minecraft:birch_boat":1},"minecraft:picked_up":{"minecraft:birch_log":6,"minecraft:crafting_table":2,"minecraft:wheat_seeds":1,"minecraft:birch_planks":2,"minecraft:birch_sapling":1},"minecraft:dropped":{"minecraft:birch_planks":2,"minecraft:wheat_seeds":1,"minecraft:crafting_table":1},"minecraft:killed_by":{"minecraft:player":1},"minecraft:killed":{"minecraft:spider":1},"minecraft:custom":{"minecraft:open_chest":1,"minecraft:time_since_rest":1,"minecraft:crouch_one_cm":69,"minecraft:play_time":24235,"minecraft:sprint_one_cm":22905,"minecraft:damage_taken":850,"minecraft:deaths":2,"minecraft:walk_one_cm":35939,"minecraft:sneak_time":34,"minecraft:walk_under_water_one_cm":119,"minecraft:mob_kills":1,"minecraft:drop":4,"minecraft:boat_one_cm":748510,"minecraft:jump":177,"minecraft:damage_dealt":352,"minecraft:leave_game":2,"minecraft:time_since_death":168,"minecraft:walk_on_water_one_cm":2410,"minecraft:total_world_time":24235,"minecraft:swim_one_cm":6864,"minecraft:interact_with_crafting_table":1,"minecraft:fall_one_cm":3401,"minecraft:fly_one_cm":29433},"minecraft:used":{"minecraft:birch_planks":9,"minecraft:birch_boat":1},"minecraft:mined":{"minecraft:seagrass":7,"minecraft:grass":7,"minecraft:tall_seagrass":11,"minecraft:dark_oak_leaves":1,"minecraft:birch_log":6,"minecraft:birch_leaves":4,"minecraft:crafting_table":1}},"DataVersion":3465}