{"stats":{"minecraft:crafted":{"minecraft:birch_planks":24,"minecraft:birch_boat":1},"minecraft:picked_up":{"minecraft:birch_log":6,"minecraft:crafting_table":2,"minecraft:wheat_seeds":1},"minecraft:dropped":{"minecraft:wheat_seeds":1,"minecraft:crafting_table":1},"minecraft:killed_by":{"minecraft:player":1},"minecraft:custom":{"minecraft:time_since_rest":7322,"minecraft:crouch_one_cm":57,"minecraft:play_time":13119,"minecraft:sprint_one_cm":9582,"minecraft:damage_taken":490,"minecraft:deaths":1,"minecraft:walk_one_cm":22925,"minecraft:sneak_time":32,"minecraft:drop":2,"minecraft:boat_one_cm":210014,"minecraft:jump":79,"minecraft:damage_dealt":203,"minecraft:leave_game":1,"minecraft:time_since_death":7508,"minecraft:walk_on_water_one_cm":37,"minecraft:total_world_time":13119,"minecraft:interact_with_crafting_table":1,"minecraft:fall_one_cm":1589,"minecraft:fly_one_cm":12407},"minecraft:used":{"minecraft:birch_boat":1},"minecraft:mined":{"minecraft:seagrass":4,"minecraft:grass":6,"minecraft:tall_seagrass":4,"minecraft:birch_log":6,"minecraft:crafting_table":1}},"DataVersion":3465}