{
  "minecraft:recipes/decorations/ladder": {
    "criteria": {
      "has_stick": "2024-10-06 04:08:10 +0000"
    },
    "done": true
  },
  "securitycraft:recipes/misc/motion_activated_light": {
    "criteria": {
      "has_stick": "2024-10-06 04:08:10 +0000"
    },
    "done": true
  },
  "minecraft:recipes/decorations/oak_sign": {
    "criteria": {
      "has_planks": "2024-10-06 04:07:54 +0000"
    },
    "done": true
  },
  "aquaculture:recipes/aquaculture/heavy_hook": {
    "criteria": {
      "has_items": "2024-10-06 04:03:48 +0000"
    },
    "done": true
  },
  "aquaculture:recipes/decorations/birch_fish_mount": {
    "criteria": {
      "has_items": "2024-10-06 04:03:48 +0000"
    },
    "done": true
  },
  "adorn:recipes/oak_post": {
    "criteria": {
      "has_oak_planks": "2024-10-06 04:07:54 +0000"
    },
    "done": true
  },
  "aquaculture:recipes/misc/neptunium_ingot_from_neptunium_block": {
    "criteria": {
      "has_items": "2024-10-06 04:03:48 +0000"
    },
    "done": true
  },
  "adorn:recipes/crate": {
    "criteria": {
      "has_key_item_0": "2024-10-06 04:07:54 +0000"
    },
    "done": true
  },
  "minecraft:recipes/tools/wooden_axe": {
    "criteria": {
      "has_stick": "2024-10-06 04:08:10 +0000"
    },
    "done": true
  },
  "aquaculture:recipes/misc/iron_nugget_from_smelting": {
    "criteria": {
      "has_fishing_rod": "2024-10-06 04:03:48 +0000",
      "has_fillet_knife": "2024-10-06 04:03:48 +0000"
    },
    "done": true
  },
  "minecraft:recipes/decorations/crafting_table": {
    "criteria": {
      "unlock_right_away": "2024-10-06 04:02:24 +0000"
    },
    "done": true
  },
  "aquaculture:recipes/tools/golden_fishing_rod": {
    "criteria": {
      "has_vanilla_rod": "2024-10-06 04:03:48 +0000"
    },
    "done": true
  },
  "minecraft:recipes/misc/stick": {
    "criteria": {
      "has_planks": "2024-10-06 04:07:54 +0000"
    },
    "done": true
  },
  "aquaculture:recipes/misc/gold_nugget_from_smelting": {
    "criteria": {
      "has_fishing_rod": "2024-10-06 04:03:48 +0000",
      "has_fillet_knife": "2024-10-06 04:03:48 +0000"
    },
    "done": true
  },
  "minecraft:recipes/transportation/cherry_boat": {
    "criteria": {
      "in_water": "2024-10-06 04:04:42 +0000"
    },
    "done": true
  },
  "chococraft:recipes/food/gysahl_cake": {
    "criteria": {
      "has_gysahl_green": "2024-10-06 04:05:28 +0000"
    },
    "done": true
  },
  "minecraft:recipes/transportation/bamboo_raft": {
    "criteria": {
      "in_water": "2024-10-06 04:04:42 +0000"
    },
    "done": true
  },
  "aquaculture:recipes/misc/bonemeal_from_fish_bones": {
    "criteria": {
      "has_items": "2024-10-06 04:03:48 +0000"
    },
    "done": true
  },
  "chococraft:recipes/misc/red_gysahl": {
    "criteria": {
      "has_gysahl_green": "2024-10-06 04:05:28 +0000"
    },
    "done": true
  },
  "chococraft:recipes/misc/chocopedia": {
    "criteria": {
      "has_gysahl_green": "2024-10-06 04:05:28 +0000"
    },
    "done": true
  },
  "framedblocks:recipes/building_blocks/framed_cube": {
    "criteria": {
      "hasPlanks": "2024-10-06 04:07:54 +0000"
    },
    "done": true
  },
  "aquaculture:recipes/misc/brown_mushroom_from_fish": {
    "criteria": {
      "has_items": "2024-10-06 04:03:48 +0000"
    },
    "done": true
  },
  "minecraft:recipes/building_blocks/oak_slab": {
    "criteria": {
      "has_planks": "2024-10-06 04:07:54 +0000"
    },
    "done": true
  },
  "chococraft:recipes/misc/pink_gysahl": {
    "criteria": {
      "has_gysahl_green": "2024-10-06 04:05:28 +0000"
    },
    "done": true
  },
  "adorn:recipes/oak_kitchen_counter": {
    "criteria": {
      "has_planks": "2024-10-06 04:07:54 +0000"
    },
    "done": true
  },
  "dungeons_arise:wda_root": {
    "criteria": {
      "WDA": "2024-10-06 04:02:24 +0000"
    },
    "done": true
  },
  "minecraft:recipes/decorations/campfire": {
    "criteria": {
      "has_stick": "2024-10-06 04:08:10 +0000"
    },
    "done": true
  },
  "aquaculture:recipes/tools/wooden_fillet_knife": {
    "criteria": {
      "has_items": "2024-10-06 04:08:10 +0000"
    },
    "done": true
  },
  "minecraft:recipes/tools/wooden_hoe": {
    "criteria": {
      "has_stick": "2024-10-06 04:08:10 +0000"
    },
    "done": true
  },
  "minecraft:recipes/redstone/oak_fence_gate": {
    "criteria": {
      "has_planks": "2024-10-06 04:07:54 +0000"
    },
    "done": true
  },
  "minecraft:recipes/misc/charcoal": {
    "criteria": {
      "has_log": "2024-10-06 04:03:48 +0000"
    },
    "done": true
  },
  "securitycraft:recipes/misc/sonic_security_system": {
    "criteria": {
      "has_stick": "2024-10-06 04:08:10 +0000"
    },
    "done": true
  },
  "aquaculture:recipes/misc/neptinium_ingot_from_blasting": {
    "criteria": {
      "has_leggings": "2024-10-06 04:03:48 +0000",
      "has_axe": "2024-10-06 04:03:48 +0000",
      "has_helmet": "2024-10-06 04:03:48 +0000",
      "has_fishing_rod": "2024-10-06 04:03:48 +0000",
      "has_bow": "2024-10-06 04:03:48 +0000",
      "has_chestplate": "2024-10-06 04:03:48 +0000",
      "has_sword": "2024-10-06 04:03:48 +0000",
      "has_fillet_knife": "2024-10-06 04:03:48 +0000",
      "has_shovel": "2024-10-06 04:03:48 +0000",
      "has_hoe": "2024-10-06 04:03:48 +0000",
      "has_boots": "2024-10-06 04:03:48 +0000",
      "has_pickaxe": "2024-10-06 04:03:48 +0000"
    },
    "done": true
  },
  "aquaculture:recipes/decorations/dark_oak_fish_mount": {
    "criteria": {
      "has_items": "2024-10-06 04:03:48 +0000"
    },
    "done": true
  },
  "minecraft:recipes/redstone/oak_door": {
    "criteria": {
      "has_planks": "2024-10-06 04:07:54 +0000"
    },
    "done": true
  },
  "minecraft:recipes/tools/wooden_shovel": {
    "criteria": {
      "has_stick": "2024-10-06 04:08:10 +0000"
    },
    "done": true
  },
  "minecraft:recipes/transportation/acacia_boat": {
    "criteria": {
      "in_water": "2024-10-06 04:04:42 +0000"
    },
    "done": true
  },
  "aquaculture:recipes/decorations/acacia_fish_mount": {
    "criteria": {
      "has_items": "2024-10-06 04:03:48 +0000"
    },
    "done": true
  },
  "minecraft:recipes/combat/wooden_sword": {
    "criteria": {
      "has_stick": "2024-10-06 04:08:10 +0000"
    },
    "done": true
  },
  "minecraft:recipes/building_blocks/oak_planks": {
    "criteria": {
      "has_logs": "2024-10-06 04:03:48 +0000"
    },
    "done": true
  },
  "aquaculture:recipes/aquaculture/diamond_hook": {
    "criteria": {
      "has_items": "2024-10-06 04:03:48 +0000"
    },
    "done": true
  },
  "aquaculture:recipes/food/sushi": {
    "criteria": {
      "has_alt_items": "2024-10-06 04:03:48 +0000",
      "has_items": "2024-10-06 04:03:48 +0000"
    },
    "done": true
  },
  "minecraft:recipes/decorations/barrel": {
    "criteria": {
      "has_planks": "2024-10-06 04:07:54 +0000"
    },
    "done": true
  },
  "aquaculture:recipes/aquaculture/light_hook": {
    "criteria": {
      "has_items": "2024-10-06 04:03:48 +0000"
    },
    "done": true
  },
  "aquaculture:recipes/misc/red_mushroom_from_fish": {
    "criteria": {
      "has_items": "2024-10-06 04:03:48 +0000"
    },
    "done": true
  },
  "securitycraft:recipes/misc/sc_manual": {
    "criteria": {
      "has_wood": "2024-10-06 04:03:48 +0000"
    },
    "done": true
  },
  "aquaculture:recipes/building_blocks/planks_from_driftwood": {
    "criteria": {
      "has_items": "2024-10-06 04:03:48 +0000"
    },
    "done": true
  },
  "tombstone:adventure/root": {
    "criteria": {
      "auto": "2024-10-06 04:02:25 +0000"
    },
    "done": true
  },
  "minecraft:recipes/building_blocks/oak_wood": {
    "criteria": {
      "has_log": "2024-10-06 04:03:48 +0000"
    },
    "done": true
  },
  "minecraft:recipes/transportation/jungle_boat": {
    "criteria": {
      "in_water": "2024-10-06 04:04:42 +0000"
    },
    "done": true
  },
  "aquaculture:recipes/aquaculture/worm_farm": {
    "criteria": {
      "has_items": "2024-10-06 04:03:48 +0000"
    },
    "done": true
  },
  "aquaculture:recipes/tools/iron_fishing_rod": {
    "criteria": {
      "has_vanilla_rod": "2024-10-06 04:03:48 +0000"
    },
    "done": true
  },
  "orcz:orczchallenge": {
    "criteria": {
      "orczchallenge": "2024-10-06 04:02:24 +0000"
    },
    "done": true
  },
  "minecraft:recipes/redstone/oak_trapdoor": {
    "criteria": {
      "has_planks": "2024-10-06 04:07:54 +0000"
    },
    "done": true
  },
  "aquaculture:recipes/aquaculture/note_hook": {
    "criteria": {
      "has_items": "2024-10-06 04:03:48 +0000"
    },
    "done": true
  },
  "aquaculture:recipes/food/cooked_fish_fillet_from_campfire": {
    "criteria": {
      "has_items": "2024-10-06 04:03:48 +0000"
    },
    "done": true
  },
  "chococraft:recipes/food/pickled_gysahl_raw": {
    "criteria": {
      "has_gysahl_green": "2024-10-06 04:05:28 +0000"
    },
    "done": true
  },
  "chococraft:recipes/misc/gysahl_green_to_seeds": {
    "criteria": {
      "has_gysahl_green": "2024-10-06 04:05:28 +0000"
    },
    "done": true
  },
  "aquaculture:recipes/aquaculture/gold_hook": {
    "criteria": {
      "has_items": "2024-10-06 04:03:48 +0000"
    },
    "done": true
  },
  "aquaculture:recipes/decorations/oak_fish_mount": {
    "criteria": {
      "has_items": "2024-10-06 04:03:48 +0000"
    },
    "done": true
  },
  "aquaculture:recipes/decorations/spruce_fish_mount": {
    "criteria": {
      "has_items": "2024-10-06 04:03:48 +0000"
    },
    "done": true
  },
  "minecraft:recipes/building_blocks/oak_stairs": {
    "criteria": {
      "has_planks": "2024-10-06 04:07:54 +0000"
    },
    "done": true
  },
  "minecraft:recipes/decorations/oak_fence": {
    "criteria": {
      "has_planks": "2024-10-06 04:07:54 +0000"
    },
    "done": true
  },
  "aquaculture:recipes/aquaculture/double_hook": {
    "criteria": {
      "has_items": "2024-10-06 04:03:48 +0000"
    },
    "done": true
  },
  "minecraft:recipes/transportation/spruce_boat": {
    "criteria": {
      "in_water": "2024-10-06 04:04:42 +0000"
    },
    "done": true
  },
  "adorn:recipes/oak_kitchen_cupboard": {
    "criteria": {
      "has_planks": "2024-10-06 04:07:54 +0000"
    },
    "done": true
  },
  "minecraft:husbandry/root": {
    "criteria": {
      "consumed_item": "2024-10-06 04:06:57 +0000"
    },
    "done": true
  },
  "minecraft:recipes/transportation/birch_boat": {
    "criteria": {
      "in_water": "2024-10-06 04:04:42 +0000"
    },
    "done": true
  },
  "aquaculture:recipes/aquaculture/fishing_line": {
    "criteria": {
      "has_items": "2024-10-06 04:03:48 +0000"
    },
    "done": true
  },
  "minecraft:recipes/transportation/oak_boat": {
    "criteria": {
      "in_water": "2024-10-06 04:04:42 +0000"
    },
    "done": true
  },
  "minecraft:recipes/misc/paper": {
    "criteria": {
      "has_reeds": "2024-10-06 04:05:21 +0000"
    },
    "done": true
  },
  "aquaculture:recipes/misc/tin_can_to_iron_nugget_from_blasting": {
    "criteria": {
      "has_items": "2024-10-06 04:03:48 +0000"
    },
    "done": true
  },
  "minecraft:recipes/redstone/oak_button": {
    "criteria": {
      "has_planks": "2024-10-06 04:07:54 +0000"
    },
    "done": true
  },
  "aquaculture:recipes/aquaculture/iron_hook": {
    "criteria": {
      "has_items": "2024-10-06 04:03:48 +0000"
    },
    "done": true
  },
  "minecraft:recipes/transportation/mangrove_boat": {
    "criteria": {
      "in_water": "2024-10-06 04:04:42 +0000"
    },
    "done": true
  },
  "aquaculture:recipes/misc/jellyfish_to_slimeball": {
    "criteria": {
      "has_items": "2024-10-06 04:03:48 +0000"
    },
    "done": true
  },
  "aquaculture:recipes/aquaculture/redstone_hook": {
    "criteria": {
      "has_items": "2024-10-06 04:03:48 +0000"
    },
    "done": true
  },
  "aquaculture:recipes/misc/gold_nugget_from_blasting": {
    "criteria": {
      "has_fishing_rod": "2024-10-06 04:03:48 +0000",
      "has_fillet_knife": "2024-10-06 04:03:48 +0000"
    },
    "done": true
  },
  "aquaculture:recipes/aquaculture/bobber": {
    "criteria": {
      "has_items": "2024-10-06 04:03:48 +0000"
    },
    "done": true
  },
  "adorn:recipes/picket_fence": {
    "criteria": {
      "has_key_item_0": "2024-10-06 04:07:54 +0000"
    },
    "done": true
  },
  "minecraft:recipes/misc/sugar_from_sugar_cane": {
    "criteria": {
      "has_sugar_cane": "2024-10-06 04:05:21 +0000"
    },
    "done": true
  },
  "aquaculture:recipes/misc/gold_nugget_from_gold_fish": {
    "criteria": {
      "has_items": "2024-10-06 04:03:48 +0000"
    },
    "done": true
  },
  "aquaculture:recipes/food/cooked_fish_fillet_from_smoking": {
    "criteria": {
      "has_items": "2024-10-06 04:03:48 +0000"
    },
    "done": true
  },
  "minecraft:recipes/tools/wooden_pickaxe": {
    "criteria": {
      "has_stick": "2024-10-06 04:08:10 +0000"
    },
    "done": true
  },
  "aquaculture:recipes/tools/diamond_fishing_rod": {
    "criteria": {
      "has_vanilla_rod": "2024-10-06 04:03:48 +0000"
    },
    "done": true
  },
  "aquaculture:recipes/food/cooked_fish_fillet": {
    "criteria": {
      "has_items": "2024-10-06 04:03:48 +0000"
    },
    "done": true
  },
  "minecraft:recipes/redstone/oak_pressure_plate": {
    "criteria": {
      "has_planks": "2024-10-06 04:07:54 +0000"
    },
    "done": true
  },
  "adorn:recipes/oak_kitchen_sink": {
    "criteria": {
      "has_planks": "2024-10-06 04:07:54 +0000"
    },
    "done": true
  },
  "minecraft:adventure/adventuring_time": {
    "criteria": {
      "minecraft:taiga": "2024-10-06 04:06:50 +0000",
      "minecraft:birch_forest": "2024-10-06 04:03:44 +0000",
      "minecraft:dark_forest": "2024-10-06 04:02:25 +0000",
      "minecraft:river": "2024-10-06 04:04:45 +0000",
      "minecraft:old_growth_spruce_taiga": "2024-10-06 04:05:07 +0000"
    },
    "done": false
  },
  "aquaculture:recipes/misc/neptunium_ingot_from_nuggets": {
    "criteria": {
      "has_items": "2024-10-06 04:03:48 +0000"
    },
    "done": true
  },
  "aquaculture:recipes/misc/iron_nugget_from_blasting": {
    "criteria": {
      "has_fishing_rod": "2024-10-06 04:03:48 +0000",
      "has_fillet_knife": "2024-10-06 04:03:48 +0000"
    },
    "done": true
  },
  "aquaculture:recipes/misc/tin_can_to_iron_nugget": {
    "criteria": {
      "has_items": "2024-10-06 04:03:48 +0000"
    },
    "done": true
  },
  "minecraft:story/root": {
    "criteria": {
      "crafting_table": "2024-10-06 04:07:57 +0000"
    },
    "done": true
  },
  "minecraft:recipes/transportation/dark_oak_boat": {
    "criteria": {
      "in_water": "2024-10-06 04:04:42 +0000"
    },
    "done": true
  },
  "aquaculture:recipes/decorations/jungle_fish_mount": {
    "criteria": {
      "has_items": "2024-10-06 04:03:48 +0000"
    },
    "done": true
  },
  "DataVersion": 3465
}